city_1,lat_1,lon_1,task_1_url,img1,img2,task_1,city_2,lat_2,lon_2,task_2,,task_2_diff,city_3,task_3
"Natal, BR","-5,805398","-35,2080905",https://drive.google.com/uc?export=view&id=1FpZGokw6kJkCqYyGDNbNvh6SauoRFyUL,,,1,"California, US","36,7014631","-118,755997",i can see a wonderful climate here.what is it means dark clouds are in day light.half of the place shadow cover and half of the place day is there.its nice to see,i can see a wonderful climate here.what is it means dark clouds are in day light.half of the place shadow cover and half of the place day is there.its nice to see,In our day to day life this climate not will come easily.which one is rare picture.we will imagine the rain will come in dark place otherhand day will happen.but this scenery when happen in our life day it will be positive energy will come truly,Florence,https://drive.google.com/uc?export=view&id=1ugMULj8ViZNKxwIT_DHq_VpmhaQQHL62
"Clemmons, US","36,0215258","-80,3819984",https://drive.google.com/uc?export=view&id=10RQ8etRYdmzdPgDYltWY3LQ1UumWJfpA,,,2,"Newcastle upon Tyne, GB","54,9806082","-1,6478673",GARDEN,,,,
"Clemmons, US","36,0215258","-80,3819984",https://drive.google.com/uc?export=view&id=10RQ8etRYdmzdPgDYltWY3LQ1UumWJfpA,,,2,"Orléans, FR","47,9027336","1,9086066","Window,Trees,road,car","Window,Trees,road,car","GARDEN , DOOR,",brazil,https://drive.google.com/uc?export=view&id=1i2s3p9wMPebWzzwZ1mSIpos2ldZBAJQd
"Rockford, US","42,2713945","-89,093966",https://drive.google.com/uc?export=view&id=16d_y28K6xolcvGL9Fe2zhZsuqZ5xuMuh,,,3,"Rio de Janeiro, BR","-22,9110137","-43,2093727",some cars next to each other,some cars next to each other,I see the beautiful nature in everyday morning.,Aldie,https://drive.google.com/uc?export=view&id=1DQa5slbbf2r7XftDj-73C-mS0vBjeFmr
"Los Angeles, US","34,0536909","-118,242766",https://drive.google.com/uc?export=view&id=1U5pNeJNxwB_6er9P0YQetOGH8zs5qrUX,,,4,"Louisiana, US","30,8703881","-92,007126",I SEE THE SEA AND HUGE BUILDINGS(CITY) AND ALSO SOME SHIPS.,I SEE THE SEA AND HUGE BUILDINGS(CITY) AND ALSO SOME SHIPS.,some cars stand next to each other on my street,Cagliari,https://drive.google.com/uc?export=view&id=19cpvbMAleJ-XXUBubL-W4fS3RJN0saPt
"City of New York, US","40,8466508","-73,8785937",https://drive.google.com/uc?export=view&id=1nXpH7sGJT4E8r6e5k9UWCMJY-j8yh9TC,,,5,"Louisiana, US","30,8703881","-92,007126",I THINK IT IS A FACTORY VIEW FROM WINDOW,I THINK IT IS A FACTORY VIEW FROM WINDOW,yes its very different to my country,east hampton,https://drive.google.com/uc?export=view&id=1jrUOTuuYIVSbgtg_81G8Y4rf1WFI9HpT
"Sarasota, US","27,3365805","-82,5308545",https://drive.google.com/uc?export=view&id=1xeKXdQq86X6NmWXXdghCGOfLETteOctm,,,6,"Rio de Janeiro, BR","-22,9110137","-43,2093727","I see calm days, quiet place with some parked cars","I see calm days, quiet place with some parked cars",I AM A NATURE LOVER. BUT THIS SCENERY DIFFER FROM MY VIEW.BECAUSE IT IS INDUSTRIAL VIEW.,bradford,https://drive.google.com/uc?export=view&id=1tajUbDPP2r60-x6mq-yf4QlFaIv08pG8
"Undefined, AZ","40,3936294","47,7872508",https://drive.google.com/uc?export=view&id=1_Ubyuw-tIK5-JpNvNOnmNLXAM7-mSJ8h,,,7,"United States, US","39,7837304","-100,445882",I saw an one big window and small window also. And two plants,I saw an one big window and small window also. And two plants,a normal tree-lined day around me,Oakdale,https://drive.google.com/uc?export=view&id=1j9aSRAydo_Wuy-U1ApYKybhz_3J9vzH4
"Goiânia, BR","-16,680882","-49,2532691",https://drive.google.com/uc?export=view&id=1zgMwMzcrExwy-6SVbkGAFkcKRkVe-CBm,,,8,"Chennai, IN","13,0836939","80,270186",window design is very nice,,,,
"Goiânia, BR","-16,680882","-49,2532691",https://drive.google.com/uc?export=view&id=1zgMwMzcrExwy-6SVbkGAFkcKRkVe-CBm,,,8,"Louisiana, US","30,8703881","-92,007126",A WINDOW WITH SIMPLE DESIGN,I SEE THE SEA AND HUGE BUILDINGS(CITY) AND ALSO SOME SHIPS.,I THINK IT IS THE BEST VIEW FOR A TOURIST WHO WANTS TO SEE THE NATURE AS WELL MAN MADE COMBINATION.,Huntington Beach,https://drive.google.com/uc?export=view&id=1vOlnxZ4ZQ6KjKXqMZ-1XQu0YD8DyO8Cg
"Goiânia, BR","-16,680882","-49,2532691",https://drive.google.com/uc?export=view&id=1zgMwMzcrExwy-6SVbkGAFkcKRkVe-CBm,,,8,"Florida, US","27,7567667","-81,4639835",A  window of 2 door glass,A  window of 2 door glass,I daily use the window to having some air to my home,Maidenhead,https://drive.google.com/uc?export=view&id=1AyDXdDyFGCmJTC7GJyC1nU28y8c-vdpQ
"Los Angeles, US","34,0536909","-118,242766",https://drive.google.com/uc?export=view&id=1a8J6CMYQgqrmcKKEs08aHEQVYKaiQoWS,,,9,"Florida, US","27,7567667","-81,4639835",transparent picture of scorpion,transparent picture of scorpion,similar to me,Maidenhead,https://drive.google.com/uc?export=view&id=1hjc9BC8crjUNLX5GiPadQZcdwDQfjOjn
"Albuquerque, US","35,0841034","-106,650985",https://drive.google.com/uc?export=view&id=1VuGqxy611Pld2WcdkfoptM5ltIG5hkSX,,,10,"Rio de Janeiro, BR","-22,9110137","-43,2093727",window with security guards,window with security guards,EVERYDAY I WOKE AND SEE THROUGH WINDOW.,newyork,https://drive.google.com/uc?export=view&id=1rcCSdOxfIG2vpph8WNuTsw7boZdW_pGr
"Albuquerque, US","35,0841034","-106,650985",https://drive.google.com/uc?export=view&id=1VuGqxy611Pld2WcdkfoptM5ltIG5hkSX,,,10,"Rio de Janeiro, BR","-22,9110137","-43,2093727",window with security guards,window with security guards,This scenery is very much similar to me as i live in a house which has glass windows,Varese,https://drive.google.com/uc?export=view&id=194DKQRxbffTH1Smr0czg68-GkPc1-eZa
"Undefined, US","39,7837304","-100,445882",https://drive.google.com/uc?export=view&id=1M5AWITFCvsSqNXtRBekqrrPrZw-Moni8,,,11,"Texas, US","31,2638905","-98,5456116",Computer modify picture.,,,,
"Undefined, US","39,7837304","-100,445882",https://drive.google.com/uc?export=view&id=1M5AWITFCvsSqNXtRBekqrrPrZw-Moni8,,,11,"Texas, US","31,2638905","-98,5456116",it is the natural picture of river with the beautiful clouds and the single tree on small mountain the shade of this cloud and tree was beautiful reflected on river water,it is the natural picture of river with the beautiful clouds and the single tree on small mountain the shade of this cloud and tree was beautiful reflected on river water,entirely different,Cagliari,https://drive.google.com/uc?export=view&id=1p_1Tw_-QmU0_R0SbrK-ws2PdME707WKa
"Undefined, US","39,7837304","-100,445882",https://drive.google.com/uc?export=view&id=1M5AWITFCvsSqNXtRBekqrrPrZw-Moni8,,,11,"Texas, US","31,2638905","-98,5456116",it is the natural picture of river with the beautiful clouds and the single tree on small mountain the shade of this cloud and tree was beautiful reflected on river water,it is the natural picture of river with the beautiful clouds and the single tree on small mountain the shade of this cloud and tree was beautiful reflected on river water,window with security guards on the roof something common here in my building,Lucknow,https://drive.google.com/uc?export=view&id=1xDVoTWiDIhMIbv3qpuLLhcM5PeajRF8U
"Firenze, IT","43,7698712","11,2555757",https://drive.google.com/uc?export=view&id=1OEzPALzi_XHePuIg2L6Y0D18wh-Xr8yv,,,12,"Delaware, US","38,6920451","-75,4013315",window outside one tree,a window with a yellow house in front,GROUND AND FLAT,New Delhi,https://drive.google.com/uc?export=view&id=1rVbTqUhsrtnJGTruANJlQ6Gx36TdC2oq
"Firenze, IT","43,7698712","11,2555757",https://drive.google.com/uc?export=view&id=1OEzPALzi_XHePuIg2L6Y0D18wh-Xr8yv,,,12,"United States, US","39,7837304","-100,445882",NICE PHOTO,,,,
"Firenze, IT","43,7698712","11,2555757",https://drive.google.com/uc?export=view&id=1OEzPALzi_XHePuIg2L6Y0D18wh-Xr8yv,,,12,"San Miguel de la Pascana, PE","-14,69387435","-75,11450771",HOUSE,,,,
"Undefined, CA","50,000678","-86,000977",https://drive.google.com/uc?export=view&id=11nRchbVeSRgz5qdiT0HFL8Yoo1951lz6,,,13,"Ponca City, US","36,703647","-97,081898",There are two signs on an electrical box. They are advertising top soil that is 3/4 sand and 1/4 gravel. It seems the area is kind of desert looking.,There are two signs on an electrical box. They are advertising top soil that is 3/4 sand and 1/4 gravel. It seems the area is kind of desert looking.,The sun is going to hide.,Cagliari,https://drive.google.com/uc?export=view&id=1SaWeiMV_EGaQPwtQWgxtcEsX9XkPBa2W
"Undefined, CA","50,000678","-86,000977",https://drive.google.com/uc?export=view&id=11nRchbVeSRgz5qdiT0HFL8Yoo1951lz6,,,13,"California, US","36,2516475","-118,852583",YA I SEE THE ONE POST IN THIS PICTURE,,,,
"Undefined, CA","50,000678","-86,000977",https://drive.google.com/uc?export=view&id=11nRchbVeSRgz5qdiT0HFL8Yoo1951lz6,,,13,"United States, US","39,7837304","-100,445882",nice photo,,,,
"Easttown Township, US","40,0492751","-75,4290819",https://drive.google.com/uc?export=view&id=1tjvWPr8BLX8bQKnPWMv0jQW0KSMkv5HG,,,14,"Florida, US","27,7567667","-81,4639835",Two deer's on the backyard,Two deer's on the backyard,it is similar to the place i recent visit it make to rember the peace of mind,TEXARKANA,https://drive.google.com/uc?export=view&id=1QRzNLhUdRdwTjJeeDeMZn8wP4sqkb025
"Chennai, IN","13,0836939","80,270186",https://drive.google.com/uc?export=view&id=1NQc10oV15AynlYKlnOrgbsmE8Kui0Z9S,,,15,"New Jersey, US","40,0757384","-74,4041622",I see a lady holding her phone and a little girl looking at who ever took the picture and also a couple of buildings and trees.,I see a lady holding her phone and a little girl looking at who ever took the picture and also a couple of buildings and trees.,yes,Cagliari,https://drive.google.com/uc?export=view&id=1EEcnzLnOoDuYkfEEvqBuEHxkixTSZPSu
"Rochester, US","43,157285","-77,615214",https://drive.google.com/uc?export=view&id=1EORwtND0V9uzDqDjRFL3LN8oKCgTTpMW,,,16,"Texas, US","31,2638905","-98,5456116",I see the city garden.,I see the city garden.,GOOD,WI,https://drive.google.com/uc?export=view&id=1-9nuIcSCI13-_Jn0Oi3umEpma33r76KR
"Ciudad de México, MX","19,4326296","-99,1331785",https://drive.google.com/uc?export=view&id=10fQh7qRdBJds4Of6GFlGzZpUSrLu2DbO,,,17,"India, IN","22,3511148","78,6677428",i think it very cool place and winter season time of this area.,,,,
"Ignace Township, CA","49,41276","-91,654816",https://drive.google.com/uc?export=view&id=1u3A8twUC_MlAnDQnbxlW0bMWOk1aRJ2I,,,18,"Arizona, US","34,395342","-111,763275",I SEE THE SHOP AND WHITECAR AND PARKING,I SEE THE SHOP AND WHITECAR AND PARKING,TREE AND HOUSE,Huntington Beach,https://drive.google.com/uc?export=view&id=1W78xa0i2hI8MxrnPWfiNdASYhXcrpfI5
"Quitman, US","32,7957722","-95,4518285",https://drive.google.com/uc?export=view&id=1JVy6R6vgXn9fQaOq4UGhvGNMVXy1wCGp,,,19,"Rio de Janeiro, BR","-22,9110137","-43,2093727",a quiet place with a quiet house and a lawn in front,,,,
"Miracampo, CO","4,8864481","-75,7051166",https://drive.google.com/uc?export=view&id=1p6zzLXMyJGIx3DvjXXdXjKZhpWdzJq6-,,,20,"Arizona, US","34,395342","-111,763275",I SEE IN THE PHOT IS WINDOW AND CHAIR AND SOFA,,,,
"Pittsburgh, US","40,4416941","-79,9900861",https://drive.google.com/uc?export=view&id=11mzdP_gPW0tcC2lhPjIHEzD7WyUTbrMB,,,21,"Florida, US","27,7567667","-81,4639835",Backyard of a house with a table and chairs,Backyard of a house with a table and chairs,"It seems the area is not as green as it is where I live. People however, do place signs in random places to advertise.",athens,https://drive.google.com/uc?export=view&id=1HlVMsREkpwAZQSfBB66sbIKlGgSHY63P
"Praia Grande, BR","-24,005833","-46,402778",https://drive.google.com/uc?export=view&id=1xUb-AgBM7zcBDly8_7UyOb2xzqg4j5-t,,,22,"Chennai, IN","13,0836939","80,270186",appartment window view is very nice,appartment window view is very nice,I SEE THE POST DAILY IN ROADSIDE,bradford,https://drive.google.com/uc?export=view&id=1A997rMZVJA7zCYsNzu7JRk_v0oa1ntjp
"Undefined, US","34,1284842","-80,8548092",https://drive.google.com/uc?export=view&id=1PlNf4xliVqG7H7BYGzWtH1vT27-1jUfq,,,23,,,,,,,,
"Undefined, US","34,1284842","-80,8548092",https://drive.google.com/uc?export=view&id=1PlNf4xliVqG7H7BYGzWtH1vT27-1jUfq,,,23,,,,,,,,
"Undefined, US","34,1284842","-80,8548092",https://drive.google.com/uc?export=view&id=1PlNf4xliVqG7H7BYGzWtH1vT27-1jUfq,,,23,"United States, US","39,7837304","-100,445882",NICE PHOTO,,,,
"Wilkesboro, US","36,145965","-81,1606401",https://drive.google.com/uc?export=view&id=1Er4_gRgjhvsaBK4bl6o_UeWqKlGGiE1O,,,24,"Ocala, US","29,1871986","-82,1400923",I am seeing a worn back porch rail with a chain and short drying.  I see a clearing and then a grove of thick trees.  The view is speckled with rain drops on the lens of the camera.  It is overcast this day.,I am seeing a worn back porch rail with a chain and short drying.  I see a clearing and then a grove of thick trees.  The view is speckled with rain drops on the lens of the camera.  It is overcast this day.,This scenery is similar to my daily life because maybe the mother had to run some errands and she had to bring her daughter along with her. I have kids and when I have to run some errands i always bring my kids along.,BRAZIL,https://drive.google.com/uc?export=view&id=1V_KJh0vtwPcUqXThYJZctYYLag1Ms94w
"Wilkesboro, US","36,145965","-81,1606401",https://drive.google.com/uc?export=view&id=1Er4_gRgjhvsaBK4bl6o_UeWqKlGGiE1O,,,24,"Texas, US","31,2638905","-98,5456116",garden,,,,
"Wilkesboro, US","36,145965","-81,1606401",https://drive.google.com/uc?export=view&id=1Er4_gRgjhvsaBK4bl6o_UeWqKlGGiE1O,,,24,"Ohio, US","40,2253569","-82,6881395",it is a natural place,,,,
"Coimbatore, IN","11,0018115","76,9628425",https://drive.google.com/uc?export=view&id=1ajp_rW0tWwkj_6Sq0q9-C2oDOPW-SOpd,,,25,"Louisiana, US","30,8703881","-92,007126",I SEE THE NATURE AND  SAND WITH THE BEAUTY OF WINDMILL.,I SEE THE NATURE AND  SAND WITH THE BEAUTY OF WINDMILL.,The nature look and very greenfly area,texas,https://drive.google.com/uc?export=view&id=11WRByORXPCst7oF5z1gmUJTrSohPIQz6
"Coimbatore, IN","11,0018115","76,9628425",https://drive.google.com/uc?export=view&id=1udQ58brOQr-u1zRYxOTvcn2XLs4gfanl,,,26,"Alaska, US","64,4459613","-149,680909",THE EMPTY FARM LAND AND SOME AIR WINDS,THE EMPTY FARM LAND AND SOME AIR WINDS,not similar to me its very differes,Niterói - Rio de Janeiro - Brazil,https://drive.google.com/uc?export=view&id=1qj49rK25-qmepFya75yRyS877OKttO-B
"Ignace Township, CA","49,41276","-91,654816",https://drive.google.com/uc?export=view&id=1UMOC31lVNK34ny_BoxjoxPWX1Q1GpSsd,,,27,"United States, US","39,7837304","-100,445882","ONE HOUSE, ONE VICHELE AND TABLE",,,,
"Bellevue, US","47,6144219","-122,192337",https://drive.google.com/uc?export=view&id=1MtkaMoZGnGmC7tOauKmnyd8VddmWLTHy,,,28,"Louisiana, US","30,8703881","-92,007126",A BEAUTIFUL VIEW OF GARDEN WITH REST PLACE AND A DOG HOUSE,A BEAUTIFUL VIEW OF GARDEN WITH REST PLACE AND A DOG HOUSE,its 5o percentage similar to my daily life,kernersville,https://drive.google.com/uc?export=view&id=1a_donpwhqLAosW-bjiUGC3VfKHjDmlDZ
"Bellevue, US","47,6144219","-122,192337",https://drive.google.com/uc?export=view&id=1MtkaMoZGnGmC7tOauKmnyd8VddmWLTHy,,,28,"Indiana, US","40,3270127","-86,1746933",backyard of a house,backyard of a house,on days when I leave the house for my grandparents,Sandersville,https://drive.google.com/uc?export=view&id=1g6CqILVFX42tPgRgQSCdGN1WMN0f9WAY
"Undefined, US","37,0558643","-96,7683629",https://drive.google.com/uc?export=view&id=1299XG3NCVrWOZJwl7A8A0vqsytNbCEtl,,,29,"California, US","36,7014631","-118,755997",I'm looking  window side view of out side of home,I'm looking  window side view of out side of home,I USE THE CHAIR AND WINDOWS FREQUENTLY IN DAILY LIFE,Florence,https://drive.google.com/uc?export=view&id=1oXskT-FAOcTe1axj0xNIG0JecO50rC71
"Sheffield, GB","53,3806626","-1,4702278",https://drive.google.com/uc?export=view&id=1LgXral86SFfCX-Hd-PjezrjtAd3ACniJ,,,30,"Louisiana, US","30,8703881","-92,007126","i see more cars,a road ,trees from a building.","i see more cars,a road ,trees from a building.",it looks quite similar since i spent my free time like this place,Hemet,https://drive.google.com/uc?export=view&id=1UxrfB-A-x31alvCBd-96MePTzaByQK2q
"Kochi, IN","9,931308","76,2674136",https://drive.google.com/uc?export=view&id=1EpIQoH4rCnuh5UXyCaqC_0JDYuRm3CFt,,,31,"Los Angeles, US","34,1689295","-118,536567",it is a window and outside of the window are greenish,a house with a tree in front,very similar,INDIANAPOLIS,https://drive.google.com/uc?export=view&id=1jKyVc7JZB0k0Kzqg7I862_AJTbcRNda1
"Bengaluru, IN","12,9767936","77,590082",https://drive.google.com/uc?export=view&id=1JxBbbq6cX0ocecYSo0TuO7ygumarD5XH,,,32,"Rio de Janeiro, BR","-22,9110137","-43,2093727",a house with a tree in front,,,,
"Potsdam, DE","52,4009309","13,0591397",https://drive.google.com/uc?export=view&id=14PpjTCX7iBgJalYYutynVvYJPNIV3cmb,,,33,"Delaware, US","38,6920451","-75,4013315",window outside one cloths rope hanger  see,window outside one cloths rope hanger  see,LIKE,east hampton,https://drive.google.com/uc?export=view&id=1VBJh2LYlG4lVkyZ9HET-SFfC37X4t93M
"Richmond, US","37,5385087","-77,43428",https://drive.google.com/uc?export=view&id=1JIYfnM00ZdUkmtNjkVrAl2wUaMLZ_KT_,,,34,"Chennai, IN","13,0836939","80,270186",i think this area un used for one or two months,i think this area un used for one or two months,GOOD,Martinsville,https://drive.google.com/uc?export=view&id=1npwvfYBskyr896wLP1tvD8R1B6caYJxI
"Undefined, BG","41,750287","23,4873411",https://drive.google.com/uc?export=view&id=1zmxo5SHWPGMVw8yoDFWfmVbLxcIoYAa9,,,35,"Rio de Janeiro, BR","-22,9110137","-43,2093727",some roofs of a house with the sun beating down,some roofs of a house with the sun beating down,This is very different from my back yard view.  I live in town and I see the 14th hole of the golf course outside my back door.,Cagliari,https://drive.google.com/uc?export=view&id=1lX5ZXj-C-wy13uZj33Arpbjb1jtMSZpa
"Lakeland, US","28,0394654","-81,9498042",https://drive.google.com/uc?export=view&id=169EsziZYkr9KYYLX8QEnnHpkISHoGHgW,,,36,"United States, US","39,7837304","-100,445882",car parking area,,,,
"Lakeland, US","28,0394654","-81,9498042",https://drive.google.com/uc?export=view&id=169EsziZYkr9KYYLX8QEnnHpkISHoGHgW,,,36,"Gary, US","41,6020962","-87,3370647",it a car parking,,,,
"Chennai, IN","13,0836939","80,270186",https://drive.google.com/uc?export=view&id=16JhA98GQy67y5IqWY3Wv77GyANSMCaPf,,,37,"Washington, US","38,8950368","-77,0365427",roadside view from the balcony,,,,
"Chillicothe, US","39,3331197","-82,9824019",https://drive.google.com/uc?export=view&id=1c_Cst7VDz3LNrQZy7WU-zUu3gmcQYqLS,,,38,"United States, US","39,7837304","-100,445882",THIS IS OPEN PLACE,,,,
"Chillicothe, US","39,3331197","-82,9824019",https://drive.google.com/uc?export=view&id=1c_Cst7VDz3LNrQZy7WU-zUu3gmcQYqLS,,,38,"Indiana, US","40,3270127","-86,1746933","IN THIS PICTURE I CAN SEE THE NATURE'S GIFT, FOREST AND HILLS SIDE VIEW,ITS VERY BEAUTIFUL.","IN THIS PICTURE I CAN SEE THE NATURE'S GIFT, FOREST AND HILLS SIDE VIEW,ITS VERY BEAUTIFUL.",yes,Varese,https://drive.google.com/uc?export=view&id=1oRXgVpVYn0240-kCMv2jTSH-1iHEuwT9
"West Plains, US","36,7281652","-91,8525756",https://drive.google.com/uc?export=view&id=105y2g5kQglhdNGMLFjkaUkZNNQml5OXl,,,39,"India, IN","22,3511148","78,6677428","very clean and neet villa. its very nice house and gardern car pariking, trees awesome",,,,
"London, GB","51,5073219","-0,1276474",https://drive.google.com/uc?export=view&id=1PNodbH_qlr-hXQTR0qME5cXm3ZGstNoj,,,40,"India, IN","22,3511148","78,6677428",i think this building was too old. and the building colour is red and white its not suitable.,i think this building was too old. and the building colour is red and white its not suitable.,it has the multiple species of plants and all that the earth contains from topography such as mountains and valleys,Lucknow,https://drive.google.com/uc?export=view&id=1kbKBObScdW7nXMc6HLSVcF0MQm4nb82x
"London, GB","51,5073219","-0,1276474",https://drive.google.com/uc?export=view&id=1PNodbH_qlr-hXQTR0qME5cXm3ZGstNoj,,,40,"India, IN","22,3511148","78,6677428",i think this building was too old. and the building colour is red and white its not suitable.,i think this building was too old. and the building colour is red and white its not suitable.,WHILE TRAVELLING IN BUS OR TRAIN THIS SCENARIO SIMPLY DESCRIBES THE THOUGHTS OF POSITIVE THINKING WITH A DEEP MEANING.,Varese,https://drive.google.com/uc?export=view&id=1J-3KZdO4IypY4iJvwqObFKAkTchywenr
"Village of Roslyn, US","40,7998227","-73,6509621",https://drive.google.com/uc?export=view&id=1hDgJ9Io0eLyIoTxUdrOJPxhebif4NAj9,,,41,"Palmer Lake, US","39,1222138","-104,917204","The view is partially blocked by a large hedge/bush of some sort. There are large deciduous trees off in the distance, and what appears to be an overcast sky. In the far right window pane there is a flowering bush with pink flowers.","The view is partially blocked by a large hedge/bush of some sort. There are large deciduous trees off in the distance, and what appears to be an overcast sky. In the far right window pane there is a flowering bush with pink flowers.",THE SAME ATMOSPHERE IS LIVING IN MY HOMETOWN,Rancho Cucamonga,https://drive.google.com/uc?export=view&id=1TaeI4cCMTEE-9B2xHOFPRKvbYC0OvuVa
"City of New York, US","40,7684351","-73,7770774",https://drive.google.com/uc?export=view&id=1CGx-HMhA0NSVCVqS3_ukC7aMY5NBjC7y,,,42,"Tamil Nadu, IN","10,9094334","78,3665347","ONE CUTE CAR ,ONE BEAUTIFUL HOUSE","ONE CUTE CAR ,ONE BEAUTIFUL HOUSE",I LIKE TO HAVE NATURAL COLORS LIKE THIS ON MY SWORD,Cagliari,https://drive.google.com/uc?export=view&id=1zCCjKL5CybZKMSYbfGxz_GrTITbxiAxe
"Undefined, US","40,0757384","-74,4041622",https://drive.google.com/uc?export=view&id=1Q1NpA9Kp4VqMDefdqy9NerQDi2ceje4-,,,43,"Rio de Janeiro, BR","-22,9110137","-43,2093727",a hotel room window,a hotel room window,AT EVENING TIME I WOULD SPEND SOME TIME IN THIS PLACE WITH MY FAMILY,Vancouver,https://drive.google.com/uc?export=view&id=1Lpvsdh28JR82NGn4ds8x_MUTGapLDb0H
"Los Angeles, US","34,0980031","-118,329523",https://drive.google.com/uc?export=view&id=11a-joXLKqjzn8GOTSZUJkQi2Aur0q81F,,,44,"Indianola, US","33,4509513","-90,6550917",The window view of my home. It is a backyard fo my house looks beautiful.,The window view of my home. It is a backyard fo my house looks beautiful.,the general appearance of the natural environment,Cagliari,https://drive.google.com/uc?export=view&id=1R1mzyqLd0c-Kbmyn43N59qEzD8dzn0BP
"Boston, US","42,3602534","-71,0582912",https://drive.google.com/uc?export=view&id=1hETxKwIK-r5-3aYNZ9__ihoi2C9RDlwt,,,45,"India, IN","22,3511148","78,6677428",what a awesome window view it very cool spending on coffee time. looking lts very nice.,what a awesome window view it very cool spending on coffee time. looking lts very nice.,every morning like this view I used to see out side  and with coffee,"Pascagoula, MS",https://drive.google.com/uc?export=view&id=1lmKwYJKPzEOThg0gM5NU0Zj06Bij_j37
"Boston, US","42,3602534","-71,0582912",https://drive.google.com/uc?export=view&id=1hETxKwIK-r5-3aYNZ9__ihoi2C9RDlwt,,,45,"India, IN","22,3511148","78,6677428",what a awesome window view it very cool spending on coffee time. looking lts very nice.,what a awesome window view it very cool spending on coffee time. looking lts very nice.,This Scenery Exactly represents the morning Scenario when I woke up.,Brazil,https://drive.google.com/uc?export=view&id=1YFbGimyGivnvx5vqC703ddzGg6-sJUWV
"Cicero, US","41,8455398","-87,7540199",https://drive.google.com/uc?export=view&id=1d23yXDjmvVrgbi6z7aMpHThvQ_6nbsas,,,46,"Florida, US","27,7567667","-81,4639835",A beautiful cat,A beautiful cat,i like to enjoy the scenery outside of the window,Kottayam,https://drive.google.com/uc?export=view&id=1AWS14gfTWAUkq9VmZv6uT7qXRJDqGXRB
"Lacey, US","47,0263876","-122,8072257",https://drive.google.com/uc?export=view&id=1v3ZlzpWYQJwF4jI_fKl0pqNuhwxcH4zP,,,47,"Louisiana, US","30,8703881","-92,007126",SEE A HUGE BUILDING WITH A BEAUTIFUL GARDEN AND WALKWAY,SEE A HUGE BUILDING WITH A BEAUTIFUL GARDEN AND WALKWAY,some trees in front of my house,Aldie,https://drive.google.com/uc?export=view&id=1rnLBSqR9V_NxBO2RpSouM2TFofqWq-rR
"Lacey, US","47,0263876","-122,8072257",https://drive.google.com/uc?export=view&id=1v3ZlzpWYQJwF4jI_fKl0pqNuhwxcH4zP,,,47,"Louisiana, US","30,8703881","-92,007126",SEE A HUGE BUILDING WITH A BEAUTIFUL GARDEN AND WALKWAY,SEE A HUGE BUILDING WITH A BEAUTIFUL GARDEN AND WALKWAY,its very similar in our daily life,Milan,https://drive.google.com/uc?export=view&id=1Lyw6WULyn-rDEDGvbpjYzdOFl7RFW0wQ
"Pune City, IN","18,521428","73,8544541",https://drive.google.com/uc?export=view&id=1LU_amIFFHX5I4B7CfHaBII2YGBmI6Cnq,,,48,"Denver, US","39,7392364","-104,984862",I SEE THE PHOTO ARE MORE TREES AND HOUSE.,I SEE THE PHOTO ARE MORE TREES AND HOUSE.,its similar,"Campinas, Brazil",https://drive.google.com/uc?export=view&id=1QH2wa0UrcyWfkTxpCokQ-Uw0rtRyBoaP
"Rio de Janeiro, BR","-22,9110137","-43,2093727",https://drive.google.com/uc?export=view&id=1csnksKgddUI92vCKC6lopPhQoGs5Ut-h,,,49,"California, US","36,2516475","-118,852583",I SEE THE INTER NET WEBPAGE INTHE PHOTAO,,,,
"Mumbai, IN","19,0785451","72,878176",https://drive.google.com/uc?export=view&id=1i10c19g26IxvoShW8KSeZn_32jxzS4lz,,,50,"Louisville, US","38,2542376","-85,759407",The lot of buildings from the top floor.,The lot of buildings from the top floor.,roof of my mother's house,Cagliari,https://drive.google.com/uc?export=view&id=1s8F4DBnWV-4YBuIuJvboPtIoD73sC_SJ
"Guildford, GB","51,2356068","-0,5732063",https://drive.google.com/uc?export=view&id=1j7rcz08uSpH2jlLjr0OZoOuvbjj0g9HY,,,51,"Lumberton, US","34,6183433","-79,0083993",I SEE THE PHOTO IN GREENFUL GROUND.,,,,
"Guildford, GB","51,2356068","-0,5732063",https://drive.google.com/uc?export=view&id=1j7rcz08uSpH2jlLjr0OZoOuvbjj0g9HY,,,51,"Chicago, US","41,8755616","-87,6244212","I SEE IN THIS PHOTO BEATIFUL NATURE , THE CLOUS ALSO A BEATIFUL TO SEE.",,,,
"Rescaldina, IT","45,6159737","8,9489311",https://drive.google.com/uc?export=view&id=15rFyE3PtFWujQGnGZBVmbt6JK2pI8puj,,,52,"Canada, CA","61,0666922","-107,991707",car,,,,
"Rescaldina, IT","45,6159737","8,9489311",https://drive.google.com/uc?export=view&id=15rFyE3PtFWujQGnGZBVmbt6JK2pI8puj,,,52,"Louisiana, US","30,8703881","-92,007126","SOME BUILDINGS, I DONT KNOW WHETER IT IS A CAR PARKING OR NOT","SOME BUILDINGS, I DONT KNOW WHETER IT IS A CAR PARKING OR NOT",it similiar to my car parking area,Kottayam,https://drive.google.com/uc?export=view&id=1cFvBHvFGeKr2hIgfSVLerwzIDu-8KV2p
"Undefined, IN","10,9301522","78,08485455",https://drive.google.com/uc?export=view&id=1nRyDtkZA12RJPZEZ8u9NScq5Too-lVVR,,,53,"Louisiana, US","30,8703881","-92,007126",I SEE A DRESS CABIN THROUGH WINDOWS,I SEE A DRESS CABIN THROUGH WINDOWS,yes its very similar to me,Niterói - Rio de Janeiro - Brazil,https://drive.google.com/uc?export=view&id=14GKBtIUuSjwR0TliLAFYPPYR4V0RWprb
"Undefined, IN","10,9301522","78,08485455",https://drive.google.com/uc?export=view&id=1nRyDtkZA12RJPZEZ8u9NScq5Too-lVVR,,,53,"Murrells Inlet, US","33,5499183","-79,0430329",Windows,,,,
"Undefined, IN","18,9068356","75,6741579",https://drive.google.com/uc?export=view&id=18pbzFzGA-sZd-yM7S0pBFq9x4O4eKiph,,,54,"Rio de Janeiro, BR","-22,9110137","-43,2093727",multiple messages on the email screen,,,,
"Springdale, US","36,1867442","-94,1288142",https://drive.google.com/uc?export=view&id=17InOwgrHm5HZcNZ-08iPYym5cf0cRLwS,,,55,"Rio de Janeiro, BR","-22,9110137","-43,2093727",a completely black image,a completely black image,it is differs like narrow road,Niterói - Rio de Janeiro - Brazil,https://drive.google.com/uc?export=view&id=1rEKdx6W40k3i8Xb-jVTLl5PeohYdZ3cp
"Minot, FR","47,6698594","4,8786165",https://drive.google.com/uc?export=view&id=1napr07wkcs9S5AW0hdFrmmSgeDU4gtmQ,,,56,"Norwalk, US","41,1175966","-73,4078968",A grass field with center of two trees and a water tube goes around over the grass field,A grass field with center of two trees and a water tube goes around over the grass field,OPN,Florence,https://drive.google.com/uc?export=view&id=1jbYnQH4aM_QvuihuMCf3_A9J3TOwQWCx
"Colorado Springs, US","38,8339578","-104,825348",https://drive.google.com/uc?export=view&id=1Jcv8JfeDSVlFFanoIAivMxs9QCRfL8-P,,,57,,,,CAR PARKING,,,Brazil,https://drive.google.com/uc?export=view&id=1YFbGimyGivnvx5vqC703ddzGg6-sJUWV
"Colorado Springs, US","38,8339578","-104,825348",https://drive.google.com/uc?export=view&id=1Jcv8JfeDSVlFFanoIAivMxs9QCRfL8-P,,,57,,,,this place night time.The house in street car stoping that place .street light on the road .this place very beautiful,,,,
"Garden City, US","37,9716898","-100,8726618",https://drive.google.com/uc?export=view&id=160ypnCoDxTbGPkpdxH67zNYLNulurcJJ,,,58,"Bruceton Mills, US","39,659228","-79,6405867",A delivery truck parked along the curb with a view of the neighbors house with a red roof and yellow siding. There are two cars facing the left parked on the opposite side of the curb.,A delivery truck parked along the curb with a view of the neighbors house with a red roof and yellow siding. There are two cars facing the left parked on the opposite side of the curb.,THIS SCENARY DIFFER FROM MY LIVING PLACD BEACUSE OUR HOUSE SITUATED IN URBAN AREA WE DIDNOT SEE SUCH SCENERY,Lucknow,https://drive.google.com/uc?export=view&id=1z8sOTJKX_CAEWkBLdzQpG7xSzAWhp9PU
"Garden City, US","37,9716898","-100,8726618",https://drive.google.com/uc?export=view&id=160ypnCoDxTbGPkpdxH67zNYLNulurcJJ,,,58,"Bruceton Mills, US","39,659228","-79,6405867",A delivery truck parked along the curb with a view of the neighbors house with a red roof and yellow siding. There are two cars facing the left parked on the opposite side of the curb.,A delivery truck parked along the curb with a view of the neighbors house with a red roof and yellow siding. There are two cars facing the left parked on the opposite side of the curb.,its not similar. it was a great,Brazil,https://drive.google.com/uc?export=view&id=16lW0L5sfcu8dvmfA_gc4HFIVpt5YhB_8
"Los Angeles, US","34,0536909","-118,242766",https://drive.google.com/uc?export=view&id=1modSxHstSrpPYTvdJ_qP33QyTQNio8ms,,,59,"Louisiana, US","30,8703881","-92,007126",I was abke to see my beautiful garden that i spend my time in creating it,I was abke to see my beautiful garden that i spend my time in creating it,very smilar,Vancouver,https://drive.google.com/uc?export=view&id=1gCjhA6x-dg4bPCI71LZt8_HJEp23pTla
"Roma, IT","41,8933203","12,4829321",https://drive.google.com/uc?export=view&id=1JgQe2VergNYFwZFddsb3UtWwl7W10pGG,,,60,"Washington, US","38,8950368","-77,0365427",house surronded with trees,house surronded with trees,"We don't have many deciduous trees, but instead have a lot of evergreens. There is some mature vegetation where we are, but also a lot of newly planted stuff so it is not as established.",CALIFORNIA,https://drive.google.com/uc?export=view&id=1PLGLeN76HWY-1TJpyHSEMgKfP9gHlSk5
"Vancouver, US","45,6306954","-122,6744557",https://drive.google.com/uc?export=view&id=1xOXhhnhZ_T-in9h27G80i-IKIVFrdAVf,,,61,"United States, US","39,7837304","-100,445882",THIS IS SEE BEAUTYFUL GARDEN,,,,
"Vancouver, US","45,6306954","-122,6744557",https://drive.google.com/uc?export=view&id=1xOXhhnhZ_T-in9h27G80i-IKIVFrdAVf,,,61,"Florida, US","27,7567667","-81,4639835",Backyard of a House having some colors of flowers,Backyard of a House having some colors of flowers,MY LIFE,Huntington Beach,https://drive.google.com/uc?export=view&id=103BiZhxkJ3wYvesrnTvv2_FSUOn11dcT
"Vancouver, US","45,6306954","-122,6744557",https://drive.google.com/uc?export=view&id=1xOXhhnhZ_T-in9h27G80i-IKIVFrdAVf,,,61,"Florida, US","27,7567667","-81,4639835",Backyard of a House having some colors of flowers,Backyard of a House having some colors of flowers,my bedroom window,Varese,https://drive.google.com/uc?export=view&id=1028X_ngGPtdr1ejcMmd7mk932ZkO3Ha_
"Undefined, IT","42,6384261","12,674297",https://drive.google.com/uc?export=view&id=1wd3xQ-zivwAYmVKlq9hgdiv9U2qYhWAU,,,62,"Florida, US","27,7567667","-81,4639835",A well constructed building surrounded with tress and compound wall,A well constructed building surrounded with tress and compound wall,It looks greeny and makes to think about the plant cultivation.,Barletta,https://drive.google.com/uc?export=view&id=1dso3y_b4DuoUr5kBQB93HcpkGa0SL0md
"Undefined, IT","42,6384261","12,674297",https://drive.google.com/uc?export=view&id=1wd3xQ-zivwAYmVKlq9hgdiv9U2qYhWAU,,,62,"Florida, US","27,7567667","-81,4639835",A well constructed building surrounded with tress and compound wall,A well constructed building surrounded with tress and compound wall,no dont see my this windows view very very differs to me,Barletta,https://drive.google.com/uc?export=view&id=1HJ5x27fDpJIGYZ1VBIyYkBkNlX4uw6DR
"Undefined, US","41,2943069","-73,37486",https://drive.google.com/uc?export=view&id=1i5keQj68k6VIyDVfwi_Pa3YyGz5djpGL,,,63,"Texas, US","31,2638905","-98,5456116",nature,nature,It looks totally different since it is a animal,Cagliari,https://drive.google.com/uc?export=view&id=1fjbRjab-uAuK0ToEtFjRlba51KAtNCWk
"Undefined, US","41,2943069","-73,37486",https://drive.google.com/uc?export=view&id=1i5keQj68k6VIyDVfwi_Pa3YyGz5djpGL,,,63,,,,GOOD,,,Fort Walton Beach,https://drive.google.com/uc?export=view&id=1BAR2g80rf4uN7W4_B97yW6X718i5DmVd
"Undefined, US","41,2943069","-73,37486",https://drive.google.com/uc?export=view&id=1i5keQj68k6VIyDVfwi_Pa3YyGz5djpGL,,,63,"Louisiana, US","30,8703881","-92,007126",A BEAUTIFUL GARDEN,,,"Alexandria, Egypt",https://drive.google.com/uc?export=view&id=17L-aU7ky7jE3-lsrpoLBQpBX7aPddzJN
"Saint Louis, US","38,6264256","-90,1995853",https://drive.google.com/uc?export=view&id=1oTu39Gz4hf-lkg7zecotQH59yu-txPTV,,,64,"Louisiana, US","30,8703881","-92,007126","NUMBER OF BUILDINGS,CLOUDED SKY,ROOF TOP,CARS",,,TEXARKANA,https://drive.google.com/uc?export=view&id=1HFS4MLTzdd8k9P6Lq4Tweaj4Z-c3DJVa
"Buckeye, US","33,3703197","-112,583776",https://drive.google.com/uc?export=view&id=1aRBo3-z5uOYzqAcr_LkGXlwKb1feSa74,,,65,"United States, US","39,7837304","-100,445882",NICE PHOTOS,,,Cagliari,https://drive.google.com/uc?export=view&id=1VB779HbBsSM364GvoehkSKFTc1oVsfCS
"Buckeye, US","33,3703197","-112,583776",https://drive.google.com/uc?export=view&id=1aRBo3-z5uOYzqAcr_LkGXlwKb1feSa74,,,65,"United States, US","39,7837304","-100,445882",NICE PHOTO,,,new york,https://drive.google.com/uc?export=view&id=1EbQKqo15EzhvGapwBTeL7qmERBQesK9C
"Buckeye, US","33,3703197","-112,583776",https://drive.google.com/uc?export=view&id=1aRBo3-z5uOYzqAcr_LkGXlwKb1feSa74,,,65,"Texas, US","31,2638905","-98,5456116",VERY NICE,,,,
"Oakland, US","37,8044557","-122,2713563",https://drive.google.com/uc?export=view&id=1qo3qGN8p2SHQglJIq71A7_wdudcOWASy,,,66,"Georgia, US","32,3293809","-83,1137366",window outside some tree branches and sky,window outside some tree branches and sky,I LIVE IN A BASIC MIDDLE CLASS LIFE. I WANT TO BUILD A HOUSE LIKE THIS.,Lakeland,https://drive.google.com/uc?export=view&id=1hJ3935ttj8lD42mgb_p72q1cPXJf_OCU
"Silverton, US","45,0049305","-122,7832947",https://drive.google.com/uc?export=view&id=1SbcLznUmIJPi5rrchz6e_uILrHyJwqBo,,,67,"Connecticut, US","41,6500201","-72,7342163",The net and tree and the post lamps.,The net and tree and the post lamps.,I LOOK THE BEAUITFUL IN DAILY LIFE STYLE .,Cagliari,https://drive.google.com/uc?export=view&id=1HILPIGZAjRyUu8zbzk6-Dul0VGCtzuuN
"Kochi, IN","9,931308","76,2674136",https://drive.google.com/uc?export=view&id=1ZQ1ww-mbq1DN1z5nQGSbsM-_roiQ-I8v,,,68,"دهستان سررودشمالی, IR","30,70271775","51,54780095",GREEN PLANTS ARE TERMED AS A  BOARD ASSEMBLADGE OF PHOTOSYNTHETIC,,,,
"Eugene, US","44,0505054","-123,0950506",https://drive.google.com/uc?export=view&id=1LmxZb5fF2SBLK3QmtCG7ckDah-_NhKCn,,,69,"Chennai, IN","13,0836939","80,270186",i think this is field area.,,,,
"Eugene, US","44,0505054","-123,0950506",https://drive.google.com/uc?export=view&id=1LmxZb5fF2SBLK3QmtCG7ckDah-_NhKCn,,,69,"United States, US","39,7837304","-100,445882",the natural scene is very wonderful the grasses also looks excellent it gives very chill to eyes,,,,
"Eugene, US","44,0505054","-123,0950506",https://drive.google.com/uc?export=view&id=1LmxZb5fF2SBLK3QmtCG7ckDah-_NhKCn,,,69,"South Australia, AU","-34,4100885","138,8321181",FLAT,,,,
"Paesana, IT","44,6845642","7,2738406",https://drive.google.com/uc?export=view&id=168BHo_YaN7c4j0mH506n9DDP_ohx7MB3,,,70,"Belagavi, IN","15,8572666","74,5069343",The dog is standing below the tree and a lot dry leaves spread on the ground.,,,,
"Overland Park, US","38,9742502","-94,6851702",https://drive.google.com/uc?export=view&id=1OQ2fw9kCRWGYVK6kOTc98Ke1De4tfmg8,,,72,"Paris, FR","48,8682088","2,3014586",AM SEEING WINDOES IN THE PICTURE,,,,
"Overland Park, US","38,9742502","-94,6851702",https://drive.google.com/uc?export=view&id=1OQ2fw9kCRWGYVK6kOTc98Ke1De4tfmg8,,,72,"Wisconsin, US","44,4308975","-89,6884637",i can see a house in the opposite to me,,,,
"Morgantown, US","39,6296809","-79,9559437",https://drive.google.com/uc?export=view&id=1VS5ncREkYjFLyK93B8hrvw0XMe2tZFPV,,,73,"Chennai, IN","13,0836939","80,270186",i think this is village side area. the window view is nice.,i think this is village side area. the window view is nice.,YA I USE THE INTERNET AND WEBPAGE DAILY,texas,https://drive.google.com/uc?export=view&id=1Zep2kDsOV6o8JiD-oxCLXbAL5_WnLiCG
"Owenton, US","38,536456","-84,8418926",https://drive.google.com/uc?export=view&id=1AZV3aUyRJzpEGbb81n0AwVkoz0miCOKx,,,74,"Connecticut, US","41,6500201","-72,7342163",a complete natural scenery which consists of a house and car parking. and a beautiful lawn.,a complete natural scenery which consists of a house and car parking. and a beautiful lawn.,It looks good because everything looks smaller and nice.,chennai,https://drive.google.com/uc?export=view&id=1TmRIdAPyVt5kVsTK9fNsEHWkZwb9pQYQ
"Owenton, US","38,536456","-84,8418926",https://drive.google.com/uc?export=view&id=1AZV3aUyRJzpEGbb81n0AwVkoz0miCOKx,,,74,"Connecticut, US","41,6500201","-72,7342163",a complete natural scenery which consists of a house and car parking. and a beautiful lawn.,a complete natural scenery which consists of a house and car parking. and a beautiful lawn.,YES I SEE THE DAILY LIFE,bradford,https://drive.google.com/uc?export=view&id=1PzOGWTmqlYY2qqZhFLkp0HDx2W3vvYqp
"Knoxville, US","35,9603948","-83,9210261",https://drive.google.com/uc?export=view&id=1rIMqXhJVxFerDpt87xVVSNMjAQYf5iIL,,,75,"United States, US","39,7837304","-100,445882",NICE PHOTO,,,,
"Knoxville, US","35,9603948","-83,9210261",https://drive.google.com/uc?export=view&id=1rIMqXhJVxFerDpt87xVVSNMjAQYf5iIL,,,75,"Ohio, US","40,2253569","-82,6881395",Garden,Garden,MY AREA IS CITY SO I RARELY SEE THIS TYPE OF NATURE.,Rochester,https://drive.google.com/uc?export=view&id=12AAfRaDsybCcdwMst2k1dzWB3w0kOAa3
"Knoxville, US","35,9603948","-83,9210261",https://drive.google.com/uc?export=view&id=1rIMqXhJVxFerDpt87xVVSNMjAQYf5iIL,,,75,"Texas, US","31,2638905","-98,5456116",nature garden,,,Brazil,https://drive.google.com/uc?export=view&id=1DGXE8Oeczz4Y9JgbNZisqBdbC9pWCJFn
"Tucson, US","32,2228765","-110,9748477",https://drive.google.com/uc?export=view&id=1vXqGhm5Cx6_M2r5ZT6pf0e5nud-hDtid,,,76,"California, US","36,7014631","-118,755997",This photo describe about there is compound or entrance near by the window.,This photo describe about there is compound or entrance near by the window.,similar in daily life,"Marlow, OK",https://drive.google.com/uc?export=view&id=18uoQTbcNffvIfhVLgWOilpdmwvKvhWH-
"Kuala Lumpur, MY","3,1516964","101,6942371",https://drive.google.com/uc?export=view&id=1_vTM9qBnjfUu2XrffgPHgbj6WRA795uq,,,77,"Milwaukee, US","43,0349931","-87,922497",It is car parking area on the downside and back to them there are lot of buildings.,,,,
"Burgaw, US","34,5521113","-77,926098",https://drive.google.com/uc?export=view&id=1_4CmMUd-BNycg_GPkguO4KT1wQLobp-u,,,78,"California, US","36,7014631","-118,755997",this picture shows entrance of beautiful house.looks very greenish.,this picture shows entrance of beautiful house.looks very greenish.,IF IT IS CAR PARKING IT SEEMS GOOD,MORGANTOWN,https://drive.google.com/uc?export=view&id=1Ea-k0ONKt2SHOImzWDAgT744QqvvSwv2
"Varanasi, IN","25,3356491","83,0076292",https://drive.google.com/uc?export=view&id=1pyeQnGa8rfkUyzy1QjQpYyjl-gRIYxJY,,,79,"Louisiana, US","30,8703881","-92,007126",I see a beautiful day after sun set which i wish to had in my life and the road is not filled with a lot of people,I see a beautiful day after sun set which i wish to had in my life and the road is not filled with a lot of people,THIS RESEMBLES MY ROOM BECAUSE I CAN ALSO SEE MY DRESS CABIN THROUGH WINDOW IN MY ROOM.,"Zaragoza, Spain",https://drive.google.com/uc?export=view&id=1sqik7Z0E0grzY8uOkub0ayNEuqb5PToI
"Chennai, IN","13,0836939","80,270186",https://drive.google.com/uc?export=view&id=1riHTP7ccR1H2Gx1WYsG76RBg3_-wjsaB,,,80,"Rio de Janeiro, BR","-22,9110137","-43,2093727",a window with several white stickers around it,a window with several white stickers around it,Large window,"Campinas , Brazil",https://drive.google.com/uc?export=view&id=1gIBCCc8e6nMp0B-odb8Z-20juM895s0b
"Mumbai, IN","19,0785451","72,878176",https://drive.google.com/uc?export=view&id=1NdDR8hWPc1b0fWU6Vgp-wHL3BADyucyH,,,81,"West Virginia, US","38,4758406","-80,8408415",this photo has been taken from a balcony of a house. two men were walking on the road,this photo has been taken from a balcony of a house. two men were walking on the road,my email screen on a chaotic day,Martinsville,https://drive.google.com/uc?export=view&id=1q2R8ss_7ybnk6VI0KiNobCDwFD60__l-
"Napoli, IT","40,8358846","14,2487679",https://drive.google.com/uc?export=view&id=1-fXILtkuPalD5aXwaq7tUJiRe-2Hm33-,,,82,"Rio de Janeiro, BR","-22,9110137","-43,2093727",an old house with some cars in front,an old house with some cars in front,a black college slate,WHITTIER,https://drive.google.com/uc?export=view&id=1L5osntkzDGBehasyiHqoVQBgKAJqGpjo
"Morgantown, US","39,6296809","-79,9559437",https://drive.google.com/uc?export=view&id=1VkP7Vt7Z_gQqN3gZQqijiGtP1KafQ4FW,,,83,"Arizona, US","34,395342","-111,763275",isee red car parked   and green trees in backside of the car,isee red car parked   and green trees in backside of the car,i didn't see any scenorio like this in my day to day life,"Marlow, OK",https://drive.google.com/uc?export=view&id=18uoQTbcNffvIfhVLgWOilpdmwvKvhWH-
"Morgantown, US","39,6296809","-79,9559437",https://drive.google.com/uc?export=view&id=1VkP7Vt7Z_gQqN3gZQqijiGtP1KafQ4FW,,,83,"Arizona, US","34,395342","-111,763275",isee red car parked   and green trees in backside of the car,isee red car parked   and green trees in backside of the car,i didn't see any scenorio like this in my day to day life,san leandro,https://drive.google.com/uc?export=view&id=1St_NEdAH3IxKoxs2sCpEeHYL6CxOr56k
"Bengaluru, IN","12,9767936","77,590082",https://drive.google.com/uc?export=view&id=1LDXiH2L5IJiUhBEDR0i5d9ddJ9ZqSR81,,,84,"Bruceton Mills, US","39,659228","-79,6405867","Tall skinny trees that almost look like branches coming out of the ground could possibly be the tops of trees, very green. There might be a building in the background through the trees I can see barely.","Tall skinny trees that almost look like branches coming out of the ground could possibly be the tops of trees, very green. There might be a building in the background through the trees I can see barely.",SIMILAR,Alexandria,https://drive.google.com/uc?export=view&id=1AagSSIBwA32ERiarUKykHwsP6qBlQm49
"Coimbatore, IN","11,0018115","76,9628425",https://drive.google.com/uc?export=view&id=1bJu9KP9MB238cvMHacNzcx587yckeunG,,,85,"Chennai, IN","13,0836939","80,270186",there is a bike,,,,
"Coimbatore, IN","11,0018115","76,9628425",https://drive.google.com/uc?export=view&id=1bJu9KP9MB238cvMHacNzcx587yckeunG,,,85,"Louisiana, US","30,8703881","-92,007126",A BIKE AND SOME TREES,,,,
"Coimbatore, IN","11,0018115","76,9628425",https://drive.google.com/uc?export=view&id=1kmS28Q8D-7OOs-DrHo_cBUZdClyPUdKk,,,95,"Florida, US","27,7567667","-81,4639835",A front screen of a computer or laptop,A front screen of a computer or laptop,Its a daily routine of mine to watch the flowers and enjoy the scenery,Cagliari,https://drive.google.com/uc?export=view&id=13NhmTyjaoSvYy4TLvnUUqixN273v4SEn
"Guildford, GB","51,2356068","-0,5732063",https://drive.google.com/uc?export=view&id=1u6mlLVbT3VKE7VxBoNMhs1sm-lm2OcX9,,,87,"Indiana, US","40,3270127","-86,1746933",extend Tree in this photo,,,Pune,https://drive.google.com/uc?export=view&id=1x_u3fkz3B_pqoEOiZRwoclog-hMuJvfK
"Guildford, GB","51,2356068","-0,5732063",https://drive.google.com/uc?export=view&id=1u6mlLVbT3VKE7VxBoNMhs1sm-lm2OcX9,,,87,"Louisiana, US","30,8703881","-92,007126","A BEAUTIFUL HOUSE GARDENING, A DOG HOUSE",,,,
"Thoothukudi, IN","8,8052602","78,1452745",https://drive.google.com/uc?export=view&id=13gjKaxfSYWhiP2OVBYtzm_I5zCR_MNQG,,,88,"Louisiana, US","30,8703881","-92,007126",I SEE A NUMBER OF HOUSE AND TREES THROUGH A WINDOW,,,,
"Bengaluru, IN","12,9767936","77,590082",https://drive.google.com/uc?export=view&id=1TWKXzvDEMTjDyzUS-uxlAyUCXzkC4y16,,,89,"Rio de Janeiro, BR","-22,9110137","-43,2093727",balconies with hanging clothes,,,,
"Undefined, IN","11,10684475","76,1099551",https://drive.google.com/uc?export=view&id=1s5zZaRmvTLKbkaQTmv09_zQHZI1egkPY,,,90,"Rio de Janeiro, BR","-22,9110137","-43,2093727",a pink roof of a house,,,,
"Jaipur, IN","26,9154576","75,8189817",https://drive.google.com/uc?export=view&id=1ncbDrQ7P4ruAXq6G41kG6NBjutudvatc,,,91,"Delaware, US","38,6920451","-75,4013315",see some bulding see,see some bulding see,It looks like gazing out my window and seeing the neighbors is a busy street with delivery trucks in and out all the time.,Cagliari,https://drive.google.com/uc?export=view&id=1cp6A1MFrK1FNDrlmq26waUJcDcoFjNL1
"Jaipur, IN","26,9154576","75,8189817",https://drive.google.com/uc?export=view&id=1ncbDrQ7P4ruAXq6G41kG6NBjutudvatc,,,91,"San Diego, US","32,8401623","-117,2740777",this is the top of my home to looking down or surrounding,this is the top of my home to looking down or surrounding,I was able to see a beautiful day which i had all the day,Lucknow,https://drive.google.com/uc?export=view&id=1IFqaowJXp14hMG8vodfz34iEfClWciXC
"Shillong, IN","25,5760446","91,8825282",https://drive.google.com/uc?export=view&id=1UfU4sh1Uh25elQThry8jk1BBoB0-QehM,,,92,"Chennai, IN","13,0836939","80,270186",window outside building is very bad . its spread the polluation very unhealthy.,window outside building is very bad . its spread the polluation very unhealthy.,it is differs with the tree which i saw everyday,Maidenhead,https://drive.google.com/uc?export=view&id=1GXxPlgWil9z-_2bKMjSe3rVdDk5GJqS1
"Guwahati, IN","26,1805978","91,753943",https://drive.google.com/uc?export=view&id=1Z9B_DfD9q2YVqYVYoewZb4i6MJ4OeY4a,,,93,"India, IN","22,3511148","78,6677428",i think this house is window view is very nice.,,,,
"Guwahati, IN","26,1805978","91,753943",https://drive.google.com/uc?export=view&id=1sHLJYPkjFI757Xdrl8BFXHZ8AAajGCiW,,,94,"Florida, US","27,7567667","-81,4639835",A Beautiful lake surrounded by tress and green pastures,A Beautiful lake surrounded by tress and green pastures,EVERY DAY SEE THIS,"Campinas, Brazil",https://drive.google.com/uc?export=view&id=1nJLSnfp1IgrxZB6e1kuVYIERwIpBtps5
"London, GB","51,5073219","-0,1276474",https://drive.google.com/uc?export=view&id=13ItsVXfqhtPX6jLwTr2Caz6kUzTFg5hm,,,,,,,,,,san leandro,https://drive.google.com/uc?export=view&id=1rCPppq_59BVwtfSIXXKEHd-KQCLCTP0a
"Undefined, PA","8,559559","-81,1308434",https://drive.google.com/uc?export=view&id=1Jd6kLvwXkXCO2BtRHuA5spBLYqbzPsJ0,,,96,"Minnesota, US","45,9896587","-94,6113288",WINDOWS DISPLAY,,,chennai,https://drive.google.com/uc?export=view&id=1livuHfouvNe8ge52IVPDO8i1vKN78kFy
"Undefined, PA","8,559559","-81,1308434",https://drive.google.com/uc?export=view&id=1Jd6kLvwXkXCO2BtRHuA5spBLYqbzPsJ0,,,96,"Los Angeles, US","34,1689295","-118,536567",no photo,,,,
"Undefined, PA","8,559559","-81,1308434",https://drive.google.com/uc?export=view&id=1Jd6kLvwXkXCO2BtRHuA5spBLYqbzPsJ0,,,96,"Los Angeles, US","34,0536909","-118,242766",i see the computer window,i see the computer window,Totally differs since i live in town place,US,https://drive.google.com/uc?export=view&id=1AtRtTNJarDmguQ61_VtyxDVHw5auj3XT
"Wilmington, US","39,7459468","-75,546589",https://drive.google.com/uc?export=view&id=1fZ4k_jDzeA1d_A2XzMIX5h376wYB2ciD,,,97,"California, US","36,2516475","-118,852583",I SEE ONE TREE AND CAR PARKING IN THIS PHOTO,I SEE ONE TREE AND CAR PARKING IN THIS PHOTO,nature,Lucknow,https://drive.google.com/uc?export=view&id=1IFqaowJXp14hMG8vodfz34iEfClWciXC
"Wilmington, US","39,7459468","-75,546589",https://drive.google.com/uc?export=view&id=1fZ4k_jDzeA1d_A2XzMIX5h376wYB2ciD,,,97,"California, US","36,2516475","-118,852583",I SEE ONE TREE AND CAR PARKING IN THIS PHOTO,I SEE ONE TREE AND CAR PARKING IN THIS PHOTO,YES,Florence,https://drive.google.com/uc?export=view&id=1kgFz6ZjkNtp8pJVbk9AgZbZ9wvK6hLUu
"City of New York, US","40,7127281","-74,0060152",https://drive.google.com/uc?export=view&id=1fwUd1yVEpMYQHsUdYHlzW6lI1Wjb1LOM,,,98,"California, US","36,7014631","-118,755997","there are two opposite buildings are here.right side is in dark,left side is having light.in between there is 2feet gap.","there are two opposite buildings are here.right side is in dark,left side is having light.in between there is 2feet gap.",I WOULD LIKE TO PLAY WITH MY CHILDREN IN THIS GARDEN,athens,https://drive.google.com/uc?export=view&id=1AblOAeR4_KkJnOn38Nytg-1iQQZUfIvr
"Manchester, GB","53,4794892","-2,2451148",https://drive.google.com/uc?export=view&id=1A7DdAJrn8qsghh0JSiEmxOUvB0wCk4wH,,,99,"Los Angeles, US","34,1689295","-118,536567",it is busy road travelled by the car,it is busy road travelled by the car,I THINK WHEN I SEE THE CLOUDED SKY IT REPRESENTS THE RAINING DAY WHEN I WAS AT MY HOME. THIS SCENARIO ALWAYS MAKES ME HAPPY.,,
"Undefined, US","40,3270127","-86,1746933",https://drive.google.com/uc?export=view&id=1D0ZFMKRlm30F-9zmIs0lqsHfhcdzJOXC,,,100,"Louisiana, US","30,8703881","-92,007126",I SEE THE WINDOWS OF THE BUILDING AND TREES FROM MY BUILDING,I SEE THE WINDOWS OF THE BUILDING AND TREES FROM MY BUILDING,GOOD,san leandro,https://drive.google.com/uc?export=view&id=1St_NEdAH3IxKoxs2sCpEeHYL6CxOr56k
"Undefined, US","40,3270127","-86,1746933",https://drive.google.com/uc?export=view&id=1D0ZFMKRlm30F-9zmIs0lqsHfhcdzJOXC,,,100,"Louisiana, US","30,8703881","-92,007126",I SEE THE WINDOWS OF THE BUILDING AND TREES FROM MY BUILDING,I SEE THE WINDOWS OF THE BUILDING AND TREES FROM MY BUILDING,GOOD,east hampton,https://drive.google.com/uc?export=view&id=1iOg8A6iPPOsH3XyFZ7EjDVaqyXCkKqZT
"Undefined, US","25,957876","-80,192892",https://drive.google.com/uc?export=view&id=1fZHBHrlqbFf0kgtCO8zR2BusU9aAfESW,,,101,"Rio de Janeiro, BR","-22,9110137","-43,2093727",a house window,a house window,SIMILAR,Cagliari,https://drive.google.com/uc?export=view&id=1-bTWV35PZXm1lt9lSydXHFwXW4QEGEcy
"Oakland, US","37,8044557","-122,2713563",https://drive.google.com/uc?export=view&id=1eeccqrnLfQGVnk5HdH9CM6UgGOMDYrmX,,,102,"Connecticut, US","41,6500201","-72,7342163",I see the cars are running in the road. One tree is standing alone. One black color and one white color are standing at their house.,I see the cars are running in the road. One tree is standing alone. One black color and one white color are standing at their house.,its very similar,,
"Mesquite, US","32,7666103","-96,599472",https://drive.google.com/uc?export=view&id=1Qjgqc_hVnAmQbVD8ho41FtZEY7nm8EWc,,,103,"United States, US","39,7837304","-100,445882",THIS IS HOUSE FRONT SIDE,,,,
"Mesquite, US","32,7666103","-96,599472",https://drive.google.com/uc?export=view&id=1Qjgqc_hVnAmQbVD8ho41FtZEY7nm8EWc,,,103,"Louisiana, US","30,8703881","-92,007126",BEAUTIFUL DESIGN OF A OUTDOOR VIEW WITH SEATING AND FAN,,,,
"Undefined, US","31,2638905","-98,5456116",https://drive.google.com/uc?export=view&id=17DzxO75A8T0Gy5X4ecfhrGRD0TaHLA-G,,,104,"California, US","36,7014631","-118,755997",its nature of scenery,,,Curitiba,https://drive.google.com/uc?export=view&id=1WX7epqXhsfleGemIkZCjN6xzYC7r_ODF
"Eugene, US","44,0505054","-123,0950506",https://drive.google.com/uc?export=view&id=1TYEPWiQHaqbvvFksgBpezZ4FIrSikB9_,,,105,"Chennai, IN","13,0836939","80,270186",i think this is small house in the village.,i think this is small house in the village.,Its totally different to my daily life.  I never see the the scenery before.,athens,https://drive.google.com/uc?export=view&id=1AblOAeR4_KkJnOn38Nytg-1iQQZUfIvr
"Alexandria, US","38,8051095","-77,0470229",https://drive.google.com/uc?export=view&id=1o3x0yiOVJGHDQqnyGZ_k3vMR-j3QUcBH,,,106,"Texas, US","31,2638905","-98,5456116",trees gives pure oxygen to human beings and absorbs carbon di oxide.,trees gives pure oxygen to human beings and absorbs carbon di oxide.,IN DAILY LIFE PLANTS ARE MAKE YOU HEALTHLY,Fort Walton Beach,https://drive.google.com/uc?export=view&id=1O2JQ9GRLsJWRj-B8kvLf6afuNP_96uyi
"Alexandria, US","38,8051095","-77,0470229",https://drive.google.com/uc?export=view&id=1o3x0yiOVJGHDQqnyGZ_k3vMR-j3QUcBH,,,106,"Texas, US","31,2638905","-98,5456116",trees gives pure oxygen to human beings and absorbs carbon di oxide.,trees gives pure oxygen to human beings and absorbs carbon di oxide.,IN DAILY LIFE PLANTS ARE MAKE YOU HEALTHLY,Curitiba,https://drive.google.com/uc?export=view&id=1WX7epqXhsfleGemIkZCjN6xzYC7r_ODF
"Ciudad de México, MX","19,4326296","-99,1331785",https://drive.google.com/uc?export=view&id=1xFDD1FUUuvm7LYu9yyBCo8oN7vH9DD9Y,,,107,"Georgia, US","32,3293809","-83,1137366",one van parking on the road,one van parking on the road,similar to me,TEXAS,https://drive.google.com/uc?export=view&id=1ts0rWLCE5M124sKFHZaIJfBU2gzC_Z6_
"Ciudad de México, MX","19,4326296","-99,1331785",https://drive.google.com/uc?export=view&id=1xFDD1FUUuvm7LYu9yyBCo8oN7vH9DD9Y,,,107,"United States, US","39,7837304","-100,445882",BUS,BUS,good,Dubai,https://drive.google.com/uc?export=view&id=1g1FN380f2jADpe4408gtcFGwko_01vbo
"Ciudad de México, MX","19,4326296","-99,1331785",https://drive.google.com/uc?export=view&id=1xFDD1FUUuvm7LYu9yyBCo8oN7vH9DD9Y,,,107,"United States, US","39,7837304","-100,445882",BUS,BUS,rare to see the deer's on everyday life,india,https://drive.google.com/uc?export=view&id=1p-GiZmdpA2gQ150LY5JyO86QPHW9jrDC
"Old Toronto, CA","43,6534817","-79,3839347",https://drive.google.com/uc?export=view&id=1RVLIyy3l9ULD7kQs0shFl0blDKojzx-x,,,108,"California, US","36,7014631","-118,755997",this is a hotel looks neat and clean,,,,
"Lakewood, US","39,7085736","-105,0846694",https://drive.google.com/uc?export=view&id=1iMuy8nlzmebLQv3ZxNGFiw_Y2BqTMcUz,,,109,"Arizona, US","34,395342","-111,763275",i see the chair and tea bench in the photo,,,Curitiba,https://drive.google.com/uc?export=view&id=1WX7epqXhsfleGemIkZCjN6xzYC7r_ODF
"Castiglione d'Adda, IT","45,2189124","9,6941106",https://drive.google.com/uc?export=view&id=1tXwoih2fwWLdRmOlqbWaTnICoqf7Z4sd,,,110,"Arizona, US","34,395342","-111,763275",It is a good natural home,It is a good natural home,my life also very cool and wonderful like this green grasses,bradford,https://drive.google.com/uc?export=view&id=1E48iudiQLopwfXonOu28d3fGua5CX-Sm
"Wood River, US","38,861159","-90,0976069",https://drive.google.com/uc?export=view&id=1akhjqC4IfC_ZC_Edp0FAnuPdtEfOg1-E,,,111,"Chennai, IN","13,0836939","80,270186",garden is very nice,,,,
"Wood River, US","38,861159","-90,0976069",https://drive.google.com/uc?export=view&id=1akhjqC4IfC_ZC_Edp0FAnuPdtEfOg1-E,,,111,"Louisiana, US","30,8703881","-92,007126","A GARDEN,A CAT ,LOTS OF TREES","A GARDEN,A CAT ,LOTS OF TREES",,,
"Dallas, US","32,7762719","-96,7968559",https://drive.google.com/uc?export=view&id=1P4DfJJt-3SRpQJEHMYbejUq91QKeMfyg,,,112,"United States, US","39,7837304","-100,445882",THIS PHOTO IS USER SURVEY CODE,,,,
"Dallas, US","32,7762719","-96,7968559",https://drive.google.com/uc?export=view&id=1P4DfJJt-3SRpQJEHMYbejUq91QKeMfyg,,,112,"San Antonio, US","29,4246002","-98,4951405",This is picture of Mturk page. showing confirmation code and ask to submit into mturk page.,This is picture of Mturk page. showing confirmation code and ask to submit into mturk page.,"Most of the times I looks this kind of scenarios, this is similar to our daily life.",Pune,https://drive.google.com/uc?export=view&id=1x_u3fkz3B_pqoEOiZRwoclog-hMuJvfK
"Dallas, US","32,7762719","-96,7968559",https://drive.google.com/uc?export=view&id=1P4DfJJt-3SRpQJEHMYbejUq91QKeMfyg,,,112,"San Antonio, US","29,4246002","-98,4951405",This is picture of Mturk page. showing confirmation code and ask to submit into mturk page.,This is picture of Mturk page. showing confirmation code and ask to submit into mturk page.,"Most of the times I looks this kind of scenarios, this is similar to our daily life.",Florence,https://drive.google.com/uc?export=view&id=1jVmz-ELtCvuqNC6gqKwZE5iIC2qDp2tw
"Clemmons, US","36,0215258","-80,3819984",https://drive.google.com/uc?export=view&id=10RQ8etRYdmzdPgDYltWY3LQ1UumWJfpA,,,113,,,,,,,,
"Indianapolis, US","39,7683331","-86,1583502",https://drive.google.com/uc?export=view&id=1_0tDrMOlVp3lrr4VuFOq9_OPwoiGsAVd,,,113,"California, US","36,7014631","-118,755997",Now a days every people this window only we can see daily.,,,Lucknow,https://drive.google.com/uc?export=view&id=1sbvvE8mrTWjT-UaS8glEvZkyU9M7lT_3
"Goianinha, BR","-6,2663538","-35,2092447",https://drive.google.com/uc?export=view&id=1_0tDrMOlVp3lrr4VuFOq9_OPwoiGsAVd,,,121,"Delaware, US","38,6920451","-75,4013315",no image view,no image view,very similar,Lucknow,https://drive.google.com/uc?export=view&id=1sbvvE8mrTWjT-UaS8glEvZkyU9M7lT_3
"Undefined, US","28,6779683","-81,5115214",https://drive.google.com/uc?export=view&id=1dLCW9Tdi_sr9W6GnVMOFvuJNe0SpniDr,,,114,"California, US","36,2516475","-118,852583",I SEE SOME LAND COVER WITH  SOME GREEN GRASS AND SOME BRANCHES LEAVES ARE SHOWN IN THE PICTURE,I SEE SOME LAND COVER WITH  SOME GREEN GRASS AND SOME BRANCHES LEAVES ARE SHOWN IN THE PICTURE,yes it is similar and i can relate to my daily life,Cagliari,https://drive.google.com/uc?export=view&id=18oIpDazpFxjBxO2tRB5c2zCWGsEJ3DOu
"Saint-Lambert, CA","48,95208785","-79,43778804",https://drive.google.com/uc?export=view&id=1dbZ5b8lqd348MKBrYv1S82PQcVqanZ0Z,,,115,"India, IN","22,3511148","78,6677428",the little house gardern nice view,the little house gardern nice view,its similar to my daily life,,
"Santa Clarita, US","34,3916641","-118,542586",https://drive.google.com/uc?export=view&id=1g7E4gnLtidbBZoXO7_Sr6MZjv56JebB7,,,116,"India, IN","22,3511148","78,6677428",wooden modern garden place nice.,,,,
"Angra dos Reis, BR","-23,0063966","-44,316326",https://drive.google.com/uc?export=view&id=1J2aTm09seZ_Ttiuacxo4rvUs-nkQPpM0,,,117,"Florida, US","27,7567667","-81,4639835",A bike Infront of a house as well a tree and sky,A bike Infront of a house as well a tree and sky,iam living in apartments this is completely a  different scenerio from my view from my home.,Florence,https://drive.google.com/uc?export=view&id=1SinXyWkCjXEdhAkKy_o8Q0RdVcj4SnPg
"Madurai, IN","9,9261153","78,1140983",https://drive.google.com/uc?export=view&id=1NJhgtUwAwN3usYSej45iLHnM1Y86n1QZ,,,118,"Rio de Janeiro, BR","-22,9110137","-43,2093727",a well-wooded window,a well-wooded window,GOOD,Mumbai,https://drive.google.com/uc?export=view&id=1EzBgc1R-9L07jeMCOiIAmtMlmi8nwCZS
"Salem, US","44,9391565","-123,033121",https://drive.google.com/uc?export=view&id=1V-sxGmsSnhKeRa5Ng2PlqW49pQdwmeBE,,,119,"Rio de Janeiro, BR","-22,9110137","-43,2093727",a dark window,a dark window,I walkup daily i saw my garden i feel enthusiastic,,
"Sacramento, US","38,5810606","-121,493895",https://drive.google.com/uc?export=view&id=1ENotHi5rt7qy0HXwpq72NyHl7SABM5R1,,,120,"Rio de Janeiro, BR","-22,9110137","-43,2093727",a house with a car in front,,,,
"Kirkintilloch, GB","55,9383914","-4,1549049",https://drive.google.com/uc?export=view&id=1UrRcB97lQxFeIBVlrDETQ2VMF46LxEfr,,,,,,,,,,,
"Sunland Park, US","31,796496","-106,579989",https://drive.google.com/uc?export=view&id=1C_kh_HRF_zQ-EDXfVZBCMnzgmNE5pq8W,,,122,"United States, US","39,7837304","-100,445882",good,,,US,https://drive.google.com/uc?export=view&id=1H1zrgwJaJHXmsJJQKd1SdvxdtYJunbCh
"Sunland Park, US","31,796496","-106,579989",https://drive.google.com/uc?export=view&id=1C_kh_HRF_zQ-EDXfVZBCMnzgmNE5pq8W,,,122,"Wasilla, US","61,5824216","-149,442563","I see that the home is green and has mountain views with a wide variety of trees and plants. Around the home's perimeter is an array of objects, including street signs; and other objects positioned both within and outside the home's metal fence.",,,,
"San Francisco, US","37,7790262","-122,419906",https://drive.google.com/uc?export=view&id=1-Jotd2Ei9VWt0Dcim8AvzPHxJeZMqu3X,,,123,"United States, US","39,7837304","-100,445882",LIKE,,,,
"San Francisco, US","37,7790262","-122,419906",https://drive.google.com/uc?export=view&id=1-Jotd2Ei9VWt0Dcim8AvzPHxJeZMqu3X,,,123,"Rio de Janeiro, BR","-22,9110137","-43,2093727",a sunset and some buildings,a sunset and some buildings,usually the real picture is looks nice but when we see through the window with this type of screen there is some blur image is seen,Brazil,https://drive.google.com/uc?export=view&id=1ApXOZPc6Lizl63BBr6YcwuGN6K3DkYzh
"San Francisco, US","37,7790262","-122,419906",https://drive.google.com/uc?export=view&id=1-Jotd2Ei9VWt0Dcim8AvzPHxJeZMqu3X,,,123,"Rio de Janeiro, BR","-22,9110137","-43,2093727",a sunset and some buildings,a sunset and some buildings,Yes this view makes me to have a cup of coffee,Dubai,https://drive.google.com/uc?export=view&id=1Vi1a2PMSN4U_M-xss_UN0eBEuwt0m82c
"Pitchampalayam, IN","11,127834","77,3415747",https://drive.google.com/uc?export=view&id=1b1u34zvlNgmE0G7cw0qsjBtYciKg_NBo,,,124,"Louisiana, US","30,8703881","-92,007126",i see a building and a bike and a tree,i see a building and a bike and a tree,i really like this types of place.because we can do regular excercise in morning here.and do meditation also.children also play there happily.when we get sad this place give positive vibration,rio de janeiro,https://drive.google.com/uc?export=view&id=1EZxxegNko8Px0kpWYz8KkpGydq3CWwBA
"Mumbai, IN","19,0785451","72,878176",https://drive.google.com/uc?export=view&id=1NTA6Y1MXdX5n1UKjeg2ZPqPRT-wHLM4L,,,125,"Rio de Janeiro, BR","-22,9110137","-43,2093727",a wooded city,,,,
"Mumbai, IN","19,0785451","72,878176",https://drive.google.com/uc?export=view&id=11q6Y9l0lP7BvTz-3ufFNBbTWkOFt3sHR,,,126,"Rio de Janeiro, BR","-22,9110137","-43,2093727",a big tree in front of a building,a big tree in front of a building,I wanted my life to be like this with no troubles and i wanted a free road to walk freely in my life,,
"Undefined, CA","50,000678","-86,000977",https://drive.google.com/uc?export=view&id=1Guv1pD_y9--R-MZ-nhCmkWUf2RmfNqXf,,,127,"Texas, US","31,2638905","-98,5456116",picture shows more in day to day life.,picture shows more in day to day life.,a renovation day here at home where the window stayed here,,
"Undefined, CA","50,000678","-86,000977",https://drive.google.com/uc?export=view&id=1Guv1pD_y9--R-MZ-nhCmkWUf2RmfNqXf,,,127,"Texas, US","31,2638905","-98,5456116",picture shows more in day to day life.,picture shows more in day to day life.,this is very much similar to my daily life .every morning i used to sit in my balcony and drink coffee,,
"Jacksonville, US","30,3321838","-81,655651",https://drive.google.com/uc?export=view&id=1KaMD4OO1T-s-ZgjJbZ4RpkEu3d5yAB3y,,,128,"Marietta, US","33,9528472","-84,5496148",the complex pattern of curtain closing the door. The curtain has many kinds of animals and as well as fishes on it which colourful.,the complex pattern of curtain closing the door. The curtain has many kinds of animals and as well as fishes on it which colourful.,reminds me when i take the bus to work,,
"Quitman, US","32,7957722","-95,4518285",https://drive.google.com/uc?export=view&id=1JVy6R6vgXn9fQaOq4UGhvGNMVXy1wCGp,,,129,"Rio de Janeiro, BR","-22,9110137","-43,2093727",a house with some paths to get to it,,not similar to me.,,
"City of New York, US","40,8466508","-73,8785937",https://drive.google.com/uc?export=view&id=1nXpH7sGJT4E8r6e5k9UWCMJY-j8yh9TC,,,130,"India, IN","22,3511148","78,6677428",i think this windows view like very cool. gift of eyes of the window view..,,"I do not see buildings like these in my hometown area. I do not usually see any yellow buildings, or many tall buildings.",,
"City of New York, US","40,8466508","-73,8785937",https://drive.google.com/uc?export=view&id=1nXpH7sGJT4E8r6e5k9UWCMJY-j8yh9TC,,,131,"India, IN","22,3511148","78,6677428",out side of picture...building very nice,,,,
"Coimbatore, IN","11,0018115","76,9628425",https://drive.google.com/uc?export=view&id=1AWZJOknJmDSk5NyCQVR3JhztGDebTbuw,,,,"Gulfport, US","30,3674198","-89,0928155","Bluish-steel bars are pictured in the forefront of the picture. In between the bars, a yellow multiple-story building and its roofs dark shingles are shown. Beyond the yellow building is another tall brown structure with a window peering into a darkened room. This is all overcast by an inky darkness, assumed to be the sky at night.",,It is a daily life scenery that i used to see,,
"Coimbatore, IN","11,0018115","76,9628425",https://drive.google.com/uc?export=view&id=1AWZJOknJmDSk5NyCQVR3JhztGDebTbuw,,,,"Florida, US","27,7567667","-81,4639835",Steel grills,,its similar,,
"Downtown Kansas City, US","39,100105","-94,5781416",https://drive.google.com/uc?export=view&id=1c_u3___sjhom0k_AIbpmYCPaEB43PUQl,,,,"Delaware, US","38,6920451","-75,4013315",one chair and one ball,,my uncle's house with lawn,,
"Burgaw, US","34,5521113","-77,926098",https://drive.google.com/uc?export=view&id=1dbj8TYqJbVcbnm9NSMLhadVIAA3fBHYu,,,,"Rio de Janeiro, BR","-22,9110137","-43,2093727",a ladder of a house on the lawn,,get some fresh air with sunlight enter the window when open,chennai,https://drive.google.com/uc?export=view&id=1TmRIdAPyVt5kVsTK9fNsEHWkZwb9pQYQ
"Undefined, US","40,3270127","-86,1746933",https://drive.google.com/uc?export=view&id=1eKWaSKZVTnS_dKfNz6pFBrFq2iNQZ4iW,,,,"Alaska, US","64,4459613","-149,680909",beautiful window with sun light.. some trees are infront of window,,Search any content to provide your best.,,
"Rio de Janeiro, BR","-22,9110137","-43,2093727",https://drive.google.com/uc?export=view&id=1FUaMeRjUB_NIIOFGBxDFK9ZrI8B0Hz-p,,,,"Texas, US","31,2638905","-98,5456116",Web page of any browser home page.,,similar,,
"Undefined, BR","-10,3333333","-53,2",https://drive.google.com/uc?export=view&id=1h6R77vRNrgY6O1reCCXOUhJtnvoR5R_f,,,,"Chennai, IN","13,0836939","80,270186",i think this is laptop screen,,Its a daily scene which i experience,,
"San Francisco, US","37,7790262","-122,419906",https://drive.google.com/uc?export=view&id=1HCQ-cSjvK_Kd9c_HckS2zQPmktk1xdYJ,,,,"Florida, US","27,7567667","-81,4639835",Beautiful sunset,,yes its similar to your daily view,,
"Undefined, US","30,4764878","-96,6353488",https://drive.google.com/uc?export=view&id=1HoFoemjraYCwrJSZ-EXiTpjvJtNSM8ap,,,,"Muncie, US","40,1936892","-85,3865271",a glass window showing out side,,very similar,,
"Guwahati, IN","26,1805978","91,753943",https://drive.google.com/uc?export=view&id=1I2bP0OqYeHX3unK1buAZBi9UNiP5bW2N,,,,"India, IN","22,3511148","78,6677428",the garden and the outer side view very nice.. nice vaction area,,it is similiar like nearby community home,,
"Undefined, US","30,4764878","-96,6353488",https://drive.google.com/uc?export=view&id=1jmAJAsPnCmw4RRAeCERqb3W8_uoe52bX,,,,"Washington, US","38,8950368","-77,0365427",community home,,YES TRAVEL IN BUS,,
"Sunnyvale, US","37,3688301","-122,036349",https://drive.google.com/uc?export=view&id=1MW5oqij7OS0FVP44haBXfoqVNMZUTQUW,,,,"United States, US","39,7837304","-100,445882",THIS PHOTO IS WINDOW SIDE IN ROAD,,my grandma's window,,
"Sunnyvale, US","37,3688301","-122,036349",https://drive.google.com/uc?export=view&id=1MW5oqij7OS0FVP44haBXfoqVNMZUTQUW,,,,"Rio de Janeiro, BR","-22,9110137","-43,2093727",a window with screen,,I like this picture because it is similar so my house.,,
"Knoxville, US","35,9603948","-83,9210261",https://drive.google.com/uc?export=view&id=1nkFBCWMas5H4L6NO4460fnXwjsIfST8p,,,,"Tamil Nadu, IN","11,28422485","78,16615284",THERE ARE SHOW MUCH OF PLANTS IN THE INSIDE OF HOUSE.,,SIMIL;AR,,
"Columbus, US","39,9622601","-83,0007065",https://drive.google.com/uc?export=view&id=1oT3qdphQOEJaRLxd29SOedRiEhu9DgRa,,,,,,,WINDOW OUT SIDE THE PLANET AND FLOWERS,,IT ALWAYS A EYE CATCHY SCENERY AND GIVES PLEASURE TO EYES,,
"Columbus, US","39,9622601","-83,0007065",https://drive.google.com/uc?export=view&id=1oT3qdphQOEJaRLxd29SOedRiEhu9DgRa,,,,"Louisiana, US","30,8703881","-92,007126",A SMALL HOUSE GARDEN FROM A WINDOW,,not smilar to me,,
"Humble, US","29,9988312","-95,2621553",https://drive.google.com/uc?export=view&id=1phVTrZSuirdF7Qh8XOVWGMgV6oAGFaOQ,,,,"India, IN","22,3511148","78,6677428",this is villa or restaurant. i dont know but very nice parking place. nice area,,my calm day looking out the window,,
"Madurai, IN","9,9261153","78,1140983",https://drive.google.com/uc?export=view&id=1q6uqN_gP3rpkWRfAvrVEs5wMdvCGvqyv,,,,"Rio de Janeiro, BR","-22,9110137","-43,2093727",a window in the quiet and peaceful place,,I  always used google chrome,,
"Undefined, PA","8,559559","-81,1308434",https://drive.google.com/uc?export=view&id=1scx9948Or9DfGJTq0nzV1QHud94HeU1O,,,,"Los Angeles, US","34,1689295","-118,536567",It is an window . drag the google chrome,,it is quite similar to what i see everyday,,
"Madurai, IN","9,9261153","78,1140983",https://drive.google.com/uc?export=view&id=1STG4e_bSZmXkRpi7-hk7WHWvTQb4GLVn,,,,"Florida, US","27,7567667","-81,4639835",evergreen forest,,its very smilar,,
"Undefined, US","28,6779683","-81,5115214",https://drive.google.com/uc?export=view&id=1ug0O7h1c8BkXFHCAokPcVEl3-Wr43hoA,,,,"India, IN","22,3511148","78,6677428",i think this is house back side window.,,IT IS A PLEASENT VIEW ON MY EYE,,
"Louisville, US","38,2542376","-85,759407",https://drive.google.com/uc?export=view&id=1w_kYW5qORzj5F4DV2wQpPGGXt-m_TTNX,,,,"California, US","36,7014631","-118,755997",I SAW A NATURAL VIEW,,very smilar to me,,
"Stamford, US","41,0534302","-73,5387341",https://drive.google.com/uc?export=view&id=1X1sBqg2W3M2Pz8Y_JgUW55y2ykMpD8bW,,,,"India, IN","22,3511148","78,6677428",i think this is the park of the place. park is nice but summer time is not spending good.,,This is very similar to my daily life because my street looks same,,
"Undefined, US","31,7819242","-95,6258199",https://drive.google.com/uc?export=view&id=1Y2dPuaIeF8WIkCjgzPmTj-oaO9UnQOrL,,,,"Maryland, US","39,3270456","-77,6641576",I am seeing a street and houses.,,goog,,
"Undefined, US","31,7819242","-95,6258199",https://drive.google.com/uc?export=view&id=1Y2dPuaIeF8WIkCjgzPmTj-oaO9UnQOrL,,,,"South Dakota, US","43,9176386","-99,8581638",howes,,,,