time,photo,city,id
05/04/2024 8.39.37,https://drive.google.com/open?id=1mMEW7Kih8k5ln-m-Foh4-ec-vYjbcvP0,USA, A3N5N5T3ELXYS9
04/04/2024 18.44.08,https://drive.google.com/open?id=1Hd25TMm_3H9wYf2Py1dXB-oEGWjiNWKb,Albuquerque ,A103BJIOJSDJL1
04/04/2024 21.22.36,https://drive.google.com/open?id=1meCbYYZnwAjfP2XHGvDuwpBkx7FmzEmQ,Suffern,A10T6CMHHYBUPD
05/04/2024 12.51.42,https://drive.google.com/open?id=1KWDdFDNd8Psjl1gIqBboQ3XVTTHwSRzJ,Delhi,A13UC3O0593CKC
04/04/2024 22.30.04,https://drive.google.com/open?id=1P4N3Dah6XXRJbm72zY3cqm-6v_H_1UzB,London,A14H87GJAEJGV0
04/04/2024 19.23.14,https://drive.google.com/open?id=1j9bRoywvksKbuFMY3DfG2PDOQIgIEHxY,"Portage, WI",A15N4VW2HOYJ02
05/04/2024 6.41.44,https://drive.google.com/open?id=10lF6MQvoF-J7dqlnAnHtyk7m9cA75SgF,okanada,A16G48QLSKM2NR
04/04/2024 20.16.13,https://drive.google.com/open?id=1ye3DMqlFNdJjPNf_1JmOLYZWA-kQuGDd,Austin,A16KRBQ6FUO5JT
05/04/2024 0.37.14,https://drive.google.com/open?id=1I7H1k3wUQJScBlpctF0fQ90-hMGfWSTp,Iowa City,A17G1YDR439OSB
05/04/2024 0.03.00,https://drive.google.com/open?id=1ct8BxU8xKZjLC6CrS7RURzTm3vtYdeX_,Rio de Janeiro,A17IPBQRGLN7EO
05/04/2024 0.32.29,https://drive.google.com/open?id=1gGbaM18kcBqRYtC_EFuwbrAPSrgyRBEg,St. Augustine,A1EDN55K4IF2GD
04/04/2024 20.27.36,https://drive.google.com/open?id=1wGt6hLoB-ew1AtR9GUAL8d_zAnLvRh4S,Holyoke,A1FFG2OYN5RVGL
04/04/2024 20.28.07,https://drive.google.com/open?id=1UYDrElbBrcfK2G4G4SmWyJ9CZQclxFpw,01040,A1FFG2OYN5RVGL
05/04/2024 10.09.21,https://drive.google.com/open?id=1vn1dsJZ2zqR7jGDRftDsCBCuTXttf1_Q,Lawrenceburg ,A1HN1B1YKEKFNY
05/04/2024 8.24.11,https://drive.google.com/open?id=1Zku8sO05xSgcZHJ67JTzGjU-GhbPcYP2,usa,A1M234VY1X0W89
05/04/2024 0.08.23,https://drive.google.com/open?id=1EA8RqRvK0HmJPxjY2G0fMZ2Ibz1ehKXE,pereira,A1M2NBFB7EX8I0
04/04/2024 21.24.02,https://drive.google.com/open?id=1WrYaQXnD26-IoVpG235ZKqy5sAQYm4Uu,california,A1MI4O4TO3YP3M
05/04/2024 6.41.28,https://drive.google.com/open?id=1qh-j_-CCk93gPrDFoMnDwcEYGmk9GHQ0,MUSKEGON,A1MVS1C9QVHDPV
05/04/2024 8.50.45,https://drive.google.com/open?id=1BKUpKvUYFcbuOopOiwEoRo2_9SOEaybF,USA,A1NAO4UBKD4JUL
05/04/2024 4.05.30,https://drive.google.com/open?id=1Q07rDdHIHUvUvZAHhxAR2CTzePGTG8qd,Cedar City,A1OH6YGD9U53IE
05/04/2024 8.55.14,https://drive.google.com/open?id=1a1l25fvyGBqiSviOZhLqq3MYXSuzFxVU,USA,A1OXLJ1Y6FWBUQ
05/04/2024 0.52.39,https://drive.google.com/open?id=1Q16NkG6tglBmV9egjiQLqSJOckanAfeV,Bolingbrook,A1Q4MDUOWEZ142
05/04/2024 0.53.31,https://drive.google.com/open?id=1NsV7mVnb8V5IUXXghJnMg9TWOnrtczTd,Bolingbrook,A1Q4MDUOWEZ142
05/04/2024 8.31.15,https://drive.google.com/open?id=1y9BjeIurkE8-_kk4Cg87it8UyvPiZKxT,USA,A1RQYYUL7NDDZR
05/04/2024 7.38.16,https://drive.google.com/open?id=13LX1v8Qn4xP-Wxt0ZLJqX7iOK9Ffk4FR,india,A1SJ6E71TEWQEQ
04/04/2024 19.05.58,https://drive.google.com/open?id=161c2XuTN71NB79j5hwLdZCZvBn2ZlsmC,Virginia,A1SU2A190116CS
05/04/2024 11.58.09,https://drive.google.com/open?id=1zDG9k0QUIp53_ccLXX1CpM2y_KSh9OhF,Gijon,A1UHS1M46Y4SBL
04/04/2024 18.45.25,https://drive.google.com/open?id=1Mej-OBZXk5dNYBdV-SgZlaq85JZsVLrB,India,A1VMWZ4X201V7H
05/04/2024 7.33.17,https://drive.google.com/open?id=1mCzz5LOUsx4C4mK6_RI8Z9QemAcyqm9W,USA,A1XHOLRG9DV3FI
04/04/2024 19.22.59,https://drive.google.com/open?id=1XZZvXC3jnKh0LQn4ZUITEafDzokEKBIe,New britain CT,A1YWC3HAIX479H
05/04/2024 11.53.43,https://drive.google.com/open?id=1bJWYQYr89UyhA-DWn74Mm4K_rUHx3KOW,Staten Island,A1YYO9SJRZ6LUY
05/04/2024 8.30.49,https://drive.google.com/open?id=1BC0CytP5_dIp6vIeJDjVYuuJQPMDASdb,ST LOMBARD,A1Z1EB8D7ILCH
04/04/2024 23.55.30,https://drive.google.com/open?id=1btogrl18Fbw9jb-GeuccR6dfL-ZDtKj7,India,A1Z7CHWUHNXOD4
04/04/2024 18.42.49,,Halfmoonbay,A20BX73478PHI6
04/04/2024 20.54.02,https://drive.google.com/open?id=1Ba-1Ui8Ey3w3Ft_3Zj_0cZ2GRzzLYl3d,Chennai ,A215YO3EZIYR2C
05/04/2024 7.37.50,https://drive.google.com/open?id=10Fp5D8QhhNNw7G71w1u6JrafrJnpU6Af,NEW YORK ,A21XRXK1T7P09H
05/04/2024 8.54.34,https://drive.google.com/open?id=19xBi9Gk2beruvQ4ZTwDbeA1Y5_V0Fm6f,USA,A28GLXTVZ13JJK
05/04/2024 2.39.12,https://drive.google.com/open?id=1mpGm7vmYtKbPc6MB16DY08hcGLH1yq4N,Richmond,A28S6SMQUMDXL0
04/04/2024 19.19.27,https://drive.google.com/open?id=1ZiEcMmkEU7l3TIGZGg2tudnBWmr0BJkT,San Antonio,A29VNFCDTYLZDU
04/04/2024 20.45.27,https://drive.google.com/open?id=1MR4SWDRyHvggbKnPPwLpKcN7xCIN3zDS,PFLUGERVILLE,A2BYA1S3R25E4K
05/04/2024 9.00.04,https://drive.google.com/open?id=1UO07nt1gS7pY4dpsWmZiOkqadw-LS2fi,Rescaldina,A2DP42MZNLMART
05/04/2024 8.58.04,https://drive.google.com/open?id=1buAD5yhSkM9asnj7Au2psI2n9J4Z5VG9,Kottayam ,A2FQYXUQ7F8IKK
04/04/2024 18.30.08,https://drive.google.com/open?id=1NoqDXVOIwyTFcjRAKxsT5RNBkTnGsZNZ,us,A2G8Z9DV1X18F8
04/04/2024 18.28.39,https://drive.google.com/open?id=18llpevOJ8cFY_HPzfx8gkbX2BFcCLj3A,UNITED STATES,A2HA2LU4998D63
05/04/2024 0.10.13,https://drive.google.com/open?id=1i-C25iJeCprvBYvJN451dBY43ex4xxr8,Caracas,A2JA19C4Y5JZD3
05/04/2024 6.33.08,https://drive.google.com/open?id=1C7SzxAi21531W5Ni8wf9KQoVZ6SFfoGF,"Chennai, India",A2KANCG6BVWYRE
05/04/2024 8.39.10,https://drive.google.com/open?id=1HQbUKivbbGeHRZrKgijg52a0wrGHMQSD,USA,A2KNH482UXVWER
04/04/2024 18.44.55,,ca,A2LL27IQ7XX45V
05/04/2024 0.28.26,https://drive.google.com/open?id=1n8CtYrQe2uf0XBoeihWGdFzbqPmShR22,Pennsylvania,A2LQOWK7OK7KRF
04/04/2024 21.27.41,https://drive.google.com/open?id=1_2fw7PmI6IphOP_ZTY3_UXSeibD-IPIv,california,A2QHTG5ZZHQXPI
05/04/2024 1.05.46,https://drive.google.com/open?id=1V0kpvmwSxN1cb-GVuRmeirwLwKJnGwWl,kalamazoo,A2SI5UX6ZMHVO6
05/04/2024 9.04.07,https://drive.google.com/open?id=1KO22Nc-NSZ3DOgFvzzQSIx6hsNPAZkUb,USA,A2ZIZXQ9NUD59H
04/04/2024 18.32.07,https://drive.google.com/open?id=1O_T19nOv3Eu0WEtofGdkkK827dvgarzp,Sheffield,A2ZLZ8JAEH543N
05/04/2024 0.19.34,https://drive.google.com/open?id=18IoGqnEOeh-ynW3KypLfr8SzzXUQI6sr,Rancho Cordova,A30F9C5YKMJ3BO
05/04/2024 5.03.32,https://drive.google.com/open?id=1c7R787Ic0aln4IKzqTS3d4v_W6ZWpKu6,Salem,A33TFZWRGY3ASF
05/04/2024 9.26.41,https://drive.google.com/open?id=1R502bFiBJvM5kAqfy_lLfFVF-vTBsKh0,Riverside ,A34V7HUH38XVGT
05/04/2024 7.12.38,https://drive.google.com/open?id=1huTQ4HgVG5lJtzUt1-DY78uxDeFJMITC,kanniyakumari,A35EBMGHY6SJZU
05/04/2024 7.13.53,https://drive.google.com/open?id=1andOWKJNpM_5aqqS2qNELmFGyLTJiI2A,kanniyakumari,A35EBMGHY6SJZU
05/04/2024 8.21.15,https://drive.google.com/open?id=1KAnBYEEaMbHhyYeVg8eHE9y1ifFR3rVl,USA,A35PAM1EKI5X51
04/04/2024 18.36.46,,california,A35XJ4RS8K7H2Z
05/04/2024 1.39.07,https://drive.google.com/open?id=14vjB7FrFIfcluIydIgzmPfSEHInX6FYY,Houston,A38GJEGC5Z4BI0
05/04/2024 8.39.45,https://drive.google.com/open?id=1IcyVT7AStOC2LKEbCihUAmii34jYPcuI,USA,A38PIFX1H2W3IN
05/04/2024 8.33.39,https://drive.google.com/open?id=1Z-hmUYfhVZ7OmBH_rOJoFHdnWpfdzJ3Z,USA,A397MS82DTJ3K8
04/04/2024 22.53.48,https://drive.google.com/open?id=1x2gedSZSCa9z6Jot2aB03CmPe8orh1a0,Indianapolis,A3BJA19KJ32IF8
04/04/2024 22.55.03,https://drive.google.com/open?id=1Hbm_VR7U0y_xlfZbhIIqfth8Z8aNCw0y,Indianapolis,A3BJA19KJ32IF8
05/04/2024 8.44.43,https://drive.google.com/open?id=18Nc1lBNhm9Xxj3Er7BF1vUd85bIU3mUO,USA,A3BL7ZW1AMUFKB
05/04/2024 13.46.58,https://drive.google.com/open?id=1weMdKZthS7h3UzSr5cJgFM1T_JQmZLpq,STOCKHOLM,A3C5NCY9MGQ3A6
05/04/2024 8.46.13,https://drive.google.com/open?id=1qvyvVEuP_E4Q_sO1CimLiqs68qE3MUxi,USA,A3FAIUAA5AT940
05/04/2024 5.23.29,https://drive.google.com/open?id=1-7ybM-t6EMrVA3Tivsnq2DUuhqhsqHQx,KAVALI,A3PVJNCAPNCO2E
04/04/2024 19.44.32,https://drive.google.com/open?id=1PSr4FCei3ndn1SdmqK4WFfQb8U02qCrD,Ajmer,A3Q45WBMR8A0N2
05/04/2024 13.45.58,https://drive.google.com/open?id=1SsejH6vdu_HCjRgEK5gAAt_GvI90x18I,"Milwaukee, Wisconsin",A3S74QQSIOBG65
05/04/2024 13.50.17,https://drive.google.com/open?id=1tunawr7NuSpMjKcPjerZTiMnTEQurfz5,"Milwaukee, Wisconsin",A3S74QQSIOBG65
05/04/2024 13.53.36,https://drive.google.com/open?id=1a_pIbFSuC3gJJ0PLBUiUbPijyNUFW-hi,"Milwaukee, Wisconsin",A3S74QQSIOBG65
05/04/2024 13.57.15,https://drive.google.com/open?id=1AfOPgSvZBDJRDId7djsiCdvnKYJS3GLg,"Milwaukee, Wisconsin",A3S74QQSIOBG65
05/04/2024 14.04.04,https://drive.google.com/open?id=15fE2texv3WDWch4XJnXI9u6Ry6lFbHU-,"Milwaukee, Wisconsin",A3S74QQSIOBG65
05/04/2024 11.24.25,https://drive.google.com/open?id=1arfgr7DNKJhwJ6v-Cv9wvkbF9etUwYup,"riva del garda, italy",A3SQ3XX6RFQSZM
05/04/2024 1.12.27,https://drive.google.com/open?id=1rSwy8_y4BtqBP1TA5uyEc_TqVhvEs-Ou,Tamil Nadu,A3U2C2ENBGR3W7
05/04/2024 8.35.59,https://drive.google.com/open?id=1046MrqtWOkqnibN7Ah3o_yKSr1ybloFh,USA,A3VJANCSMQ31QD
05/04/2024 8.38.21,https://drive.google.com/open?id=1PbYcnmqehvasXQpRrvH3j1ko52Ee-Xxz,usa,A4XWGJLUWC4X3
04/04/2024 18.56.33,https://drive.google.com/open?id=16n1OOOQMWcDPR0DmLcdehQlmvklMEqu_,"Seattle, WA",A9T8PB605D8DH
04/04/2024 18.41.31,https://drive.google.com/open?id=10jqNvSHLOKc_l01BCkgLEm_JpaWnm_Z6,FULLERTON,AB1BPALIA3SKE
05/04/2024 3.01.57,https://drive.google.com/open?id=1XVv4pZSOUrsyu0eh01D1ko7S3UMUGP1a,Toronto,AEDANPWFSD3KB
05/04/2024 6.18.45,https://drive.google.com/open?id=1kZvJDT9TA6bQT_TxTGjuFIX6IKtOnKu-,"New York, NY",AFNHZ2N0DVS4O
05/04/2024 0.46.23,https://drive.google.com/open?id=1TRCu4NhJs8GhL5n0_yBq4SP4DCArFazq,Portland,AGHC1FT5KBRNU
05/04/2024 11.43.50,https://drive.google.com/open?id=1Ztjy8UZbYNeX7VmySf6BAWiUJStZ0f8-,Michigan ,AH2OH9JU4MHHD
05/04/2024 0.55.15,https://drive.google.com/open?id=1FxlCg7p6VSsjbY7C1hvPgWl_0doFFcyB,Roseville,AKB1TD6LRGN3H
04/04/2024 18.34.17,,cannada,AP0S8XK7HGH2I
05/04/2024 8.53.23,https://drive.google.com/open?id=1vObQghAsqfku64Pk8vm3Vw81IKCozjIK,USA,AQOLPPVXHBANX
05/04/2024 0.16.35,https://drive.google.com/open?id=1LmY_1a0JSR9Cz4lgdoCMpyJnryCMTZaA,Salt lake city,AQY75M3TZJ54B
05/04/2024 5.30.07,https://drive.google.com/open?id=12HR_1bYR79fxbRy9Mcma9tfv9yPbNadD,Beacon Falls,AR1Z5D7J4BQH4
04/04/2024 19.32.40,https://drive.google.com/open?id=1RdqD56tFnnc1KNemNn6CdfVfLA500IFY,SANGLI,ASQMLIQ5V977T
04/04/2024 19.34.18,https://drive.google.com/open?id=1ew0QlE_XFC7yt5ozuHntnLBVGUg8BipL,SANGLI,ASQMLIQ5V977T
05/04/2024 8.51.42,https://drive.google.com/open?id=1XwC8bRaOi5T4YMpsXmxHxR42SyAy06m5,USA,ATWP8AY5ELIVK
05/04/2024 4.46.05,https://drive.google.com/open?id=1wgLrkomx8eKe2LVMSGAA95W6uBzR8pes,Hazleton,AWUZL5NVNSM9R
04/04/2024 18.58.13,https://drive.google.com/open?id=1a975W9hfTuAr8bGQxPnOeQifNadxADUb,orlando,AX2KNHLQWKI5Z
05/04/2024 13.53.24,https://drive.google.com/open?id=1mRwTDIn5it8b-ziMc5RBXYPNgzLtsjmB,Aveiro,AYE4UWOK3Z10X
04/04/2024 18.42.53,https://drive.google.com/open?id=1yXqexfrxZvTOI988oUgsfs7MLqr5NXo8,US,
04/04/2024 18.58.35,https://drive.google.com/open?id=10VXin8X5n1lELXxnUJRJ2ujN95tyAwNh,us,
04/04/2024 18.59.51,https://drive.google.com/open?id=1cb0de3iyhAQTv44kiMJdU0V7WSIsKTs9,us,
05/04/2024 14.11.52,https://drive.google.com/open?id=19wdkxfXTzzI6sgPEGRZOH14N8Q0nyFrT,Ahmedabad,A2UWP8VH4ZNZHZ
05/04/2024 14.29.39,https://drive.google.com/open?id=18BWzs2P2Y85C1pfuEBajqC5PZhJVWfct,Chalkis,AS90M5SRFWQ82
05/04/2024 14.32.25,https://drive.google.com/open?id=1Bh5H8w_WZ0o9bWngiJwqvp7LixWvBxI2,Long Beach,A2TDCJSYKYMSAU
05/04/2024 14.35.18,https://drive.google.com/open?id=19cO3yiMHX6Sadu7K0tLBrnQe44aJrNHs,"District Heights, MD",AVVKVNWEZRM5Z
05/04/2024 14.47.24,https://drive.google.com/open?id=17q1w5g-NpNtT2LAPYULfyvQeNt_9hLC3,"Kozhikode, Kerala, INDIA ",A1PIWVNLBFYV4X
05/04/2024 16.05.45,https://drive.google.com/open?id=1_R0afcqeLfmNfyeawBdGQ9Xclosiq5Bp,new york,: COPIÃ‰A3T3P1CT4W3DZN
05/04/2024 16.54.34,https://drive.google.com/open?id=1m3__5cUzwvkkYsP1hjlx29Hil3b1XudL,"Wilmington, Delaware (US)",A31Z62AESAWGKT
05/04/2024 16.56.59,https://drive.google.com/open?id=1If42HGWYHuKO5Q5ZPVj2qo06NC4g589T,"Wilmington, Delaware (US)",A31Z62AESAWGKT
05/04/2024 17.05.54,https://drive.google.com/open?id=1nchnqM12WAi5W9ymiSY8sMLUkC35pE_N,Scotland ,A35GIZJO5TDS7Q
05/04/2024 17.10.58,https://drive.google.com/open?id=1BpO8KBNEU0bw8obq266neTfJRRfrFahN,Scotland ,A35GIZJO5TDS7Q
05/04/2024 17.24.39,https://drive.google.com/open?id=1E_m7QseptXsFXKCMdHwy51TeodunbYpH,"Gurnee, IL",A31KCDHZZ924XZ
05/04/2024 17.27.17,https://drive.google.com/open?id=1nMILHLjjdz_pZWDAFpoyQ6EXOEsvAEM6,"Longmont, CO",A183080QAPVZ4I
05/04/2024 17.59.18,https://drive.google.com/open?id=1kAfcmoPErO5Tu36NOjeLFZBaJukiwfaW,Durham,COPIEDA1VJOFPTXC9U97
05/04/2024 18.13.27,https://drive.google.com/open?id=1z0RAnxtYiX0lBSj2f3KwflSg3dm9_01D,Bennettsville,AI6VWG1RGJ8P3
05/04/2024 18.15.08,https://drive.google.com/open?id=1u3aOhp_I3s7O_nY-do7S8tXfcvVvpq8H,Bennettsville,AI6VWG1RGJ8P3